"Country","gradient","Region.destSiteID","YearEstablished","Measurement","PlotSize_m2","Region.OriginSiteID","Elevation","destPlotID","Treatment","n_years_surveyed"
"Norway","NO_Ulvhaugen","NO_Ulvhaugen.Ulvhaugen",2009,"Yes",0.0625,"NO_Ulvhaugen.Ulvhaugen",1208,"Ulv3_Ulv3_11 TTC","Control_Origin",6
"Norway","NO_Ulvhaugen","NO_Ulvhaugen.Alrust",2009,"Yes",0.0625,"NO_Ulvhaugen.Ulvhaugen",815,"Alr3_Ulv3_14 TT2 39","Warm",6
"Norway","NO_Ulvhaugen","NO_Ulvhaugen.Alrust",2009,"Yes",0.0625,"NO_Ulvhaugen.Ulvhaugen",815,"Alr4_Ulv4_16 TT2 42","Warm",6
"Norway","NO_Ulvhaugen","NO_Ulvhaugen.Ulvhaugen",2009,"Yes",0.0625,"NO_Ulvhaugen.Ulvhaugen",1208,"Ulv4_Ulv4_17 TTC","Control_Origin",6
"Norway","NO_Ulvhaugen","NO_Ulvhaugen.Alrust",2009,"Yes",0.0625,"NO_Ulvhaugen.Ulvhaugen",815,"Alr1_Ulv1_1 TT2 28","Warm",6
"Norway","NO_Ulvhaugen","NO_Ulvhaugen.Ulvhaugen",2009,"Yes",0.0625,"NO_Ulvhaugen.Ulvhaugen",1208,"Ulv5_Ulv5_23 TTC","Control_Origin",6
"Norway","NO_Ulvhaugen","NO_Ulvhaugen.Alrust",2009,"Yes",0.0625,"NO_Ulvhaugen.Ulvhaugen",815,"Alr5_Ulv5_24 TT2 49","Warm",6
"Norway","NO_Ulvhaugen","NO_Ulvhaugen.Fauske",2009,"Yes",0.0625,"NO_Ulvhaugen.Alrust",589,"Fau1_Alr1_26 TT2 53","Warm",6
"Norway","NO_Ulvhaugen","NO_Ulvhaugen.Alrust",2009,"Yes",0.0625,"NO_Ulvhaugen.Alrust",815,"Alr1_Alr1_29 TTC","Control_Origin",6
"Norway","NO_Ulvhaugen","NO_Ulvhaugen.Alrust",2009,"Yes",0.0625,"NO_Ulvhaugen.Alrust",815,"Alr2_Alr2_31 TTC","Control_Origin",6
"Norway","NO_Ulvhaugen","NO_Ulvhaugen.Fauske",2009,"Yes",0.0625,"NO_Ulvhaugen.Alrust",589,"Fau2_Alr2_33 TT2 58","Warm",6
"Norway","NO_Ulvhaugen","NO_Ulvhaugen.Alrust",2009,"Yes",0.0625,"NO_Ulvhaugen.Alrust",815,"Alr3_Alr3_37 TTC","Control_Origin",6
"Norway","NO_Ulvhaugen","NO_Ulvhaugen.Fauske",2009,"Yes",0.0625,"NO_Ulvhaugen.Alrust",589,"Fau3_Alr3_40 TT2 62","Warm",6
"Norway","NO_Ulvhaugen","NO_Ulvhaugen.Fauske",2009,"Yes",0.0625,"NO_Ulvhaugen.Alrust",589,"Fau4_Alr4_44 TT2 66","Warm",6
"Norway","NO_Ulvhaugen","NO_Ulvhaugen.Alrust",2009,"Yes",0.0625,"NO_Ulvhaugen.Alrust",815,"Alr4_Alr4_45 TTC","Control_Origin",6
"Norway","NO_Ulvhaugen","NO_Ulvhaugen.Alrust",2009,"Yes",0.0625,"NO_Ulvhaugen.Alrust",815,"Alr5_Alr5_46 TTC","Control_Origin",6
"Norway","NO_Ulvhaugen","NO_Ulvhaugen.Fauske",2009,"Yes",0.0625,"NO_Ulvhaugen.Alrust",589,"Fau5_Alr5_50 TT2 71","Warm",6
"Norway","NO_Ulvhaugen","NO_Ulvhaugen.Fauske",2009,"Yes",0.0625,"NO_Ulvhaugen.Fauske",589,"Fau1_Fau1_51 TTC","Control_Destination",6
"Norway","NO_Ulvhaugen","NO_Ulvhaugen.Fauske",2009,"Yes",0.0625,"NO_Ulvhaugen.Fauske",589,"Fau2_Fau2_57 TTC","Control_Destination",6
"Norway","NO_Ulvhaugen","NO_Ulvhaugen.Ulvhaugen",2009,"Yes",0.0625,"NO_Ulvhaugen.Ulvhaugen",1208,"Ulv1_Ulv1_5 TTC","Control_Origin",6
"Norway","NO_Ulvhaugen","NO_Ulvhaugen.Fauske",2009,"Yes",0.0625,"NO_Ulvhaugen.Fauske",589,"Fau3_Fau3_61 TTC","Control_Destination",6
"Norway","NO_Ulvhaugen","NO_Ulvhaugen.Fauske",2009,"Yes",0.0625,"NO_Ulvhaugen.Fauske",589,"Fau4_Fau4_68 TTC","Control_Destination",6
"Norway","NO_Ulvhaugen","NO_Ulvhaugen.Ulvhaugen",2009,"Yes",0.0625,"NO_Ulvhaugen.Ulvhaugen",1208,"Ulv2_Ulv2_6 TTC","Control_Origin",6
"Norway","NO_Ulvhaugen","NO_Ulvhaugen.Fauske",2009,"Yes",0.0625,"NO_Ulvhaugen.Fauske",589,"Fau5_Fau5_73 TTC","Control_Destination",6
"Norway","NO_Ulvhaugen","NO_Ulvhaugen.Alrust",2009,"Yes",0.0625,"NO_Ulvhaugen.Ulvhaugen",815,"Alr2_Ulv2_7 TT2 33","Warm",6
"Norway","NO_Lavisdalen","NO_Lavisdalen.Hogsete",2009,"Yes",0.0625,"NO_Lavisdalen.Hogsete",700,"Hog1_Hog1_101 TTC","Control_Origin",6
"Norway","NO_Lavisdalen","NO_Lavisdalen.Vikesland",2009,"Yes",0.0625,"NO_Lavisdalen.Hogsete",474,"Vik1_Hog1_103 TT2 128","Warm",6
"Norway","NO_Lavisdalen","NO_Lavisdalen.Vikesland",2009,"Yes",0.0625,"NO_Lavisdalen.Hogsete",474,"Vik2_Hog2_107 TT2 133","Warm",6
"Norway","NO_Lavisdalen","NO_Lavisdalen.Hogsete",2009,"Yes",0.0625,"NO_Lavisdalen.Hogsete",700,"Hog2_Hog2_110 TTC","Control_Origin",6
"Norway","NO_Lavisdalen","NO_Lavisdalen.Vikesland",2009,"Yes",0.0625,"NO_Lavisdalen.Hogsete",474,"Vik3_Hog3_111 TT2 137","Warm",6
"Norway","NO_Lavisdalen","NO_Lavisdalen.Hogsete",2009,"Yes",0.0625,"NO_Lavisdalen.Hogsete",700,"Hog3_Hog3_115 TTC","Control_Origin",6
"Norway","NO_Lavisdalen","NO_Lavisdalen.Hogsete",2009,"Yes",0.0625,"NO_Lavisdalen.Hogsete",700,"Hog4_Hog4_116 TTC","Control_Origin",6
"Norway","NO_Lavisdalen","NO_Lavisdalen.Vikesland",2009,"Yes",0.0625,"NO_Lavisdalen.Hogsete",474,"Vik4_Hog4_119 TT2 143","Warm",6
"Norway","NO_Lavisdalen","NO_Lavisdalen.Vikesland",2009,"Yes",0.0625,"NO_Lavisdalen.Hogsete",474,"Vik5_Hog5_123 TT2 150","Warm",6
"Norway","NO_Lavisdalen","NO_Lavisdalen.Hogsete",2009,"Yes",0.0625,"NO_Lavisdalen.Hogsete",700,"Hog5_Hog5_124 TTC","Control_Origin",6
"Norway","NO_Lavisdalen","NO_Lavisdalen.Vikesland",2009,"Yes",0.0625,"NO_Lavisdalen.Vikesland",474,"Vik1_Vik1_126 TTC","Control_Destination",6
"Norway","NO_Lavisdalen","NO_Lavisdalen.Vikesland",2009,"Yes",0.0625,"NO_Lavisdalen.Vikesland",474,"Vik2_Vik2_134 TTC","Control_Destination",6
"Norway","NO_Lavisdalen","NO_Lavisdalen.Vikesland",2009,"Yes",0.0625,"NO_Lavisdalen.Vikesland",474,"Vik3_Vik3_140 TTC","Control_Destination",6
"Norway","NO_Lavisdalen","NO_Lavisdalen.Vikesland",2009,"Yes",0.0625,"NO_Lavisdalen.Vikesland",474,"Vik4_Vik4_141 TTC","Control_Destination",6
"Norway","NO_Lavisdalen","NO_Lavisdalen.Vikesland",2009,"Yes",0.0625,"NO_Lavisdalen.Vikesland",474,"Vik5_Vik5_146 TTC","Control_Destination",6
"Norway","NO_Lavisdalen","NO_Lavisdalen.Lavisdalen",2009,"Yes",0.0625,"NO_Lavisdalen.Lavisdalen",1097,"Lav1_Lav1_78 TTC","Control_Origin",6
"Norway","NO_Lavisdalen","NO_Lavisdalen.Hogsete",2009,"Yes",0.0625,"NO_Lavisdalen.Lavisdalen",700,"Hog1_Lav1_79 TT2 105","Warm",6
"Norway","NO_Lavisdalen","NO_Lavisdalen.Hogsete",2009,"Yes",0.0625,"NO_Lavisdalen.Lavisdalen",700,"Hog2_Lav2_84 TT2 108","Warm",6
"Norway","NO_Lavisdalen","NO_Lavisdalen.Lavisdalen",2009,"Yes",0.0625,"NO_Lavisdalen.Lavisdalen",1097,"Lav2_Lav2_85 TTC","Control_Origin",6
"Norway","NO_Lavisdalen","NO_Lavisdalen.Lavisdalen",2009,"Yes",0.0625,"NO_Lavisdalen.Lavisdalen",1097,"Lav3_Lav3_87 TTC","Control_Origin",6
"Norway","NO_Lavisdalen","NO_Lavisdalen.Hogsete",2009,"Yes",0.0625,"NO_Lavisdalen.Lavisdalen",700,"Hog3_Lav3_88 TT2 114","Warm",6
"Norway","NO_Lavisdalen","NO_Lavisdalen.Lavisdalen",2009,"Yes",0.0625,"NO_Lavisdalen.Lavisdalen",1097,"Lav4_Lav4_94 TTC","Control_Origin",6
"Norway","NO_Lavisdalen","NO_Lavisdalen.Hogsete",2009,"Yes",0.0625,"NO_Lavisdalen.Lavisdalen",700,"Hog4_Lav4_95 TT2 117","Warm",6
"Norway","NO_Lavisdalen","NO_Lavisdalen.Hogsete",2009,"Yes",0.0625,"NO_Lavisdalen.Lavisdalen",700,"Hog5_Lav5_96 TT2 122","Warm",6
"Norway","NO_Lavisdalen","NO_Lavisdalen.Lavisdalen",2009,"Yes",0.0625,"NO_Lavisdalen.Lavisdalen",1097,"Lav5_Lav5_99 TTC","Control_Origin",6
"Norway","NO_Gudmedalen","NO_Gudmedalen.Rambera",2009,"Yes",0.0625,"NO_Gudmedalen.Gudmedalen",769,"Ram5_Gud3_162 TT2 200","Warm",6
"Norway","NO_Gudmedalen","NO_Gudmedalen.Gudmedalen",2009,"Yes",0.0625,"NO_Gudmedalen.Gudmedalen",1213,"Gud4_Gud4_167 TTC","Control_Origin",6
"Norway","NO_Gudmedalen","NO_Gudmedalen.Rambera",2009,"Yes",0.0625,"NO_Gudmedalen.Gudmedalen",769,"Ram4_Gud4_170 TT2 195","Warm",6
"Norway","NO_Gudmedalen","NO_Gudmedalen.Arhelleren",2009,"Yes",0.0625,"NO_Gudmedalen.Rambera",431,"Arh4_Ram4_191 TT2 227","Warm",6
"Norway","NO_Gudmedalen","NO_Gudmedalen.Rambera",2009,"Yes",0.0625,"NO_Gudmedalen.Rambera",769,"Ram4_Ram4_194 TTC","Control_Origin",6
"Norway","NO_Gudmedalen","NO_Gudmedalen.Arhelleren",2009,"Yes",0.0625,"NO_Gudmedalen.Rambera",431,"Arh1_Ram5_197 TT2 215","Warm",6
"Norway","NO_Gudmedalen","NO_Gudmedalen.Rambera",2009,"Yes",0.0625,"NO_Gudmedalen.Rambera",769,"Ram5_Ram5_198 TTC","Control_Origin",6
"Norway","NO_Gudmedalen","NO_Gudmedalen.Rambera",2009,"Yes",0.0625,"NO_Gudmedalen.Rambera",769,"Ram6_Ram6_203 TTC","Control_Origin",6
"Norway","NO_Gudmedalen","NO_Gudmedalen.Arhelleren",2009,"Yes",0.0625,"NO_Gudmedalen.Rambera",431,"Arh2_Ram6_208 TT2 541","Warm",6
"Norway","NO_Gudmedalen","NO_Gudmedalen.Arhelleren",2009,"Yes",0.0625,"NO_Gudmedalen.Arhelleren",431,"Arh1_Arh1_211 TTC","Control_Destination",6
"Norway","NO_Gudmedalen","NO_Gudmedalen.Arhelleren",2009,"Yes",0.0625,"NO_Gudmedalen.Arhelleren",431,"Arh2_Arh2_216 TTC","Control_Destination",6
"Norway","NO_Gudmedalen","NO_Gudmedalen.Arhelleren",2009,"Yes",0.0625,"NO_Gudmedalen.Arhelleren",431,"Arh3_Arh3_222 TTC","Control_Destination",6
"Norway","NO_Gudmedalen","NO_Gudmedalen.Arhelleren",2009,"Yes",0.0625,"NO_Gudmedalen.Arhelleren",431,"Arh4_Arh4_226 TTC","Control_Destination",6
"Norway","NO_Gudmedalen","NO_Gudmedalen.Arhelleren",2009,"Yes",0.0625,"NO_Gudmedalen.Arhelleren",431,"Arh5_Arh5_234 TTC","Control_Destination",6
"Norway","NO_Gudmedalen","NO_Gudmedalen.Rambera",2009,"Yes",0.0625,"NO_Gudmedalen.Gudmedalen",769,"Ram8_Gud11_502 TT2 527","Warm",6
"Norway","NO_Gudmedalen","NO_Gudmedalen.Gudmedalen",2009,"Yes",0.0625,"NO_Gudmedalen.Gudmedalen",1213,"Gud11_Gud11_505 TTC","Control_Origin",6
"Norway","NO_Gudmedalen","NO_Gudmedalen.Gudmedalen",2009,"Yes",0.0625,"NO_Gudmedalen.Gudmedalen",1213,"Gud5_Gud5_506 TTC","Control_Origin",6
"Norway","NO_Gudmedalen","NO_Gudmedalen.Gudmedalen",2009,"Yes",0.0625,"NO_Gudmedalen.Gudmedalen",1213,"Gud12_Gud12_511 TTC","Control_Origin",6
"Norway","NO_Gudmedalen","NO_Gudmedalen.Rambera",2009,"Yes",0.0625,"NO_Gudmedalen.Gudmedalen",769,"Ram9_Gud12_513 TT2 521","Warm",6
"Norway","NO_Gudmedalen","NO_Gudmedalen.Gudmedalen",2009,"Yes",0.0625,"NO_Gudmedalen.Gudmedalen",1213,"Gud13_Gud13_516 TTC","Control_Origin",6
"Norway","NO_Gudmedalen","NO_Gudmedalen.Rambera",2009,"Yes",0.0625,"NO_Gudmedalen.Gudmedalen",769,"Ram6_Gud13_518 TT2 204","Warm",6
"Norway","NO_Gudmedalen","NO_Gudmedalen.Arhelleren",2009,"Yes",0.0625,"NO_Gudmedalen.Rambera",431,"Arh3_Ram9_522 TT2 542","Warm",6
"Norway","NO_Gudmedalen","NO_Gudmedalen.Rambera",2009,"Yes",0.0625,"NO_Gudmedalen.Rambera",769,"Ram9_Ram9_525 TTC","Control_Origin",6
"Norway","NO_Gudmedalen","NO_Gudmedalen.Arhelleren",2009,"Yes",0.0625,"NO_Gudmedalen.Rambera",431,"Arh5_Ram8_527 TT2 235","Warm",6
"Norway","NO_Gudmedalen","NO_Gudmedalen.Rambera",2009,"Yes",0.0625,"NO_Gudmedalen.Rambera",769,"Ram8_Ram8_528 TTC","Control_Origin",6
"Norway","NO_Skjellingahaugen","NO_Skjellingahaugen.Skjellingahaugen",2009,"Yes",0.0625,"NO_Skjellingahaugen.Skjellingahaugen",1088,"Skj1_Skj1_236 TTC","Control_Origin",6
"Norway","NO_Skjellingahaugen","NO_Skjellingahaugen.Veskre",2009,"Yes",0.0625,"NO_Skjellingahaugen.Skjellingahaugen",797,"Ves4_Skj1_237 TT2 279","Warm",6
"Norway","NO_Skjellingahaugen","NO_Skjellingahaugen.Veskre",2009,"Yes",0.0625,"NO_Skjellingahaugen.Skjellingahaugen",797,"Ves2_Skj2_242 TT2 268","Warm",6
"Norway","NO_Skjellingahaugen","NO_Skjellingahaugen.Skjellingahaugen",2009,"Yes",0.0625,"NO_Skjellingahaugen.Skjellingahaugen",1088,"Skj2_Skj2_243 TTC","Control_Origin",6
"Norway","NO_Skjellingahaugen","NO_Skjellingahaugen.Veskre",2009,"Yes",0.0625,"NO_Skjellingahaugen.Skjellingahaugen",797,"Ves5_Skj5_257 TT2 283","Warm",6
"Norway","NO_Skjellingahaugen","NO_Skjellingahaugen.Skjellingahaugen",2009,"Yes",0.0625,"NO_Skjellingahaugen.Skjellingahaugen",1088,"Skj5_Skj5_260 TTC","Control_Origin",6
"Norway","NO_Skjellingahaugen","NO_Skjellingahaugen.Ovstedal",2009,"Yes",0.0625,"NO_Skjellingahaugen.Veskre",346,"Ovs4_Ves1_261 TT2 303","Warm",6
"Norway","NO_Skjellingahaugen","NO_Skjellingahaugen.Veskre",2009,"Yes",0.0625,"NO_Skjellingahaugen.Veskre",797,"Ves1_Ves1_263 TTC","Control_Origin",6
"Norway","NO_Skjellingahaugen","NO_Skjellingahaugen.Ovstedal",2009,"Yes",0.0625,"NO_Skjellingahaugen.Veskre",346,"Ovs1_Ves2_266 TT2 289","Warm",6
"Norway","NO_Skjellingahaugen","NO_Skjellingahaugen.Veskre",2009,"Yes",0.0625,"NO_Skjellingahaugen.Veskre",797,"Ves2_Ves2_270 TTC","Control_Origin",6
"Norway","NO_Skjellingahaugen","NO_Skjellingahaugen.Veskre",2009,"Yes",0.0625,"NO_Skjellingahaugen.Veskre",797,"Ves3_Ves3_271 TTC","Control_Origin",6
"Norway","NO_Skjellingahaugen","NO_Skjellingahaugen.Ovstedal",2009,"Yes",0.0625,"NO_Skjellingahaugen.Veskre",346,"Ovs2_Ves3_273 TT2 295","Warm",6
"Norway","NO_Skjellingahaugen","NO_Skjellingahaugen.Ovstedal",2009,"Yes",0.0625,"NO_Skjellingahaugen.Veskre",346,"Ovs3_Ves4_277 TT2 551","Warm",6
"Norway","NO_Skjellingahaugen","NO_Skjellingahaugen.Veskre",2009,"Yes",0.0625,"NO_Skjellingahaugen.Veskre",797,"Ves4_Ves4_280 TTC","Control_Origin",6
"Norway","NO_Skjellingahaugen","NO_Skjellingahaugen.Veskre",2009,"Yes",0.0625,"NO_Skjellingahaugen.Veskre",797,"Ves5_Ves5_281 TTC","Control_Origin",6
"Norway","NO_Skjellingahaugen","NO_Skjellingahaugen.Ovstedal",2009,"Yes",0.0625,"NO_Skjellingahaugen.Veskre",346,"Ovs5_Ves5_285 TT2 310","Warm",6
"Norway","NO_Skjellingahaugen","NO_Skjellingahaugen.Ovstedal",2009,"Yes",0.0625,"NO_Skjellingahaugen.Ovstedal",346,"Ovs1_Ovs1_286 TTC","Control_Destination",6
"Norway","NO_Skjellingahaugen","NO_Skjellingahaugen.Ovstedal",2009,"Yes",0.0625,"NO_Skjellingahaugen.Ovstedal",346,"Ovs2_Ovs2_291 TTC","Control_Destination",6
"Norway","NO_Skjellingahaugen","NO_Skjellingahaugen.Ovstedal",2009,"Yes",0.0625,"NO_Skjellingahaugen.Ovstedal",346,"Ovs3_Ovs3_297 TTC","Control_Destination",6
"Norway","NO_Skjellingahaugen","NO_Skjellingahaugen.Ovstedal",2009,"Yes",0.0625,"NO_Skjellingahaugen.Ovstedal",346,"Ovs4_Ovs4_301 TTC","Control_Destination",6
"Norway","NO_Skjellingahaugen","NO_Skjellingahaugen.Ovstedal",2009,"Yes",0.0625,"NO_Skjellingahaugen.Ovstedal",346,"Ovs5_Ovs5_307 TTC","Control_Destination",6
"Norway","NO_Skjellingahaugen","NO_Skjellingahaugen.Skjellingahaugen",2009,"Yes",0.0625,"NO_Skjellingahaugen.Skjellingahaugen",1088,"Skj11_Skj11_532 TTC","Control_Origin",6
"Norway","NO_Skjellingahaugen","NO_Skjellingahaugen.Skjellingahaugen",2009,"Yes",0.0625,"NO_Skjellingahaugen.Skjellingahaugen",1088,"Skj12_Skj12_535 TTC","Control_Origin",6
"Norway","NO_Skjellingahaugen","NO_Skjellingahaugen.Veskre",2009,"Yes",0.0625,"NO_Skjellingahaugen.Skjellingahaugen",797,"Ves3_Skj11_536 TT2 272","Warm",6
"Norway","NO_Skjellingahaugen","NO_Skjellingahaugen.Veskre",2009,"Yes",0.0625,"NO_Skjellingahaugen.Skjellingahaugen",797,"Ves1_Skj12_539 TT2 262","Warm",6
"Switzerland","CH_Lavey","CH_Lavey.CRE",2016,"Yes",1,"CH_Lavey.CRE",1950,"CRE_CRE_T1","Control_Destination",3
"Switzerland","CH_Lavey","CH_Lavey.CRE",2016,"Yes",1,"CH_Lavey.CRE",1950,"CRE_CRE_T10","Control_Destination",3
"Switzerland","CH_Lavey","CH_Lavey.CRE",2016,"Yes",1,"CH_Lavey.CRE",1950,"CRE_CRE_T2","Control_Destination",3
"Switzerland","CH_Lavey","CH_Lavey.CRE",2016,"Yes",1,"CH_Lavey.CRE",1950,"CRE_CRE_T3","Control_Destination",3
"Switzerland","CH_Lavey","CH_Lavey.CRE",2016,"Yes",1,"CH_Lavey.CRE",1950,"CRE_CRE_T4","Control_Destination",3
"Switzerland","CH_Lavey","CH_Lavey.CRE",2016,"Yes",1,"CH_Lavey.CRE",1950,"CRE_CRE_T5","Control_Destination",3
"Switzerland","CH_Lavey","CH_Lavey.CRE",2016,"Yes",1,"CH_Lavey.CRE",1950,"CRE_CRE_T6","Control_Destination",3
"Switzerland","CH_Lavey","CH_Lavey.CRE",2016,"Yes",1,"CH_Lavey.CRE",1950,"CRE_CRE_T7","Control_Destination",3
"Switzerland","CH_Lavey","CH_Lavey.CRE",2016,"Yes",1,"CH_Lavey.CRE",1950,"CRE_CRE_T8","Control_Destination",3
"Switzerland","CH_Lavey","CH_Lavey.CRE",2016,"Yes",1,"CH_Lavey.CRE",1950,"CRE_CRE_T9","Control_Destination",3
"Switzerland","CH_Lavey","CH_Lavey.CRE",2016,"Yes",1,"CH_Lavey.RIO",1950,"RIO_CRE_T1","Warm",3
"Switzerland","CH_Lavey","CH_Lavey.CRE",2016,"Yes",1,"CH_Lavey.RIO",1950,"RIO_CRE_T10","Warm",3
"Switzerland","CH_Lavey","CH_Lavey.CRE",2016,"Yes",1,"CH_Lavey.RIO",1950,"RIO_CRE_T2","Warm",3
"Switzerland","CH_Lavey","CH_Lavey.CRE",2016,"Yes",1,"CH_Lavey.RIO",1950,"RIO_CRE_T3","Warm",3
"Switzerland","CH_Lavey","CH_Lavey.CRE",2016,"Yes",1,"CH_Lavey.RIO",1950,"RIO_CRE_T4","Warm",3
"Switzerland","CH_Lavey","CH_Lavey.CRE",2016,"Yes",1,"CH_Lavey.RIO",1950,"RIO_CRE_T5","Warm",3
"Switzerland","CH_Lavey","CH_Lavey.CRE",2016,"Yes",1,"CH_Lavey.RIO",1950,"RIO_CRE_T6","Warm",3
"Switzerland","CH_Lavey","CH_Lavey.CRE",2016,"Yes",1,"CH_Lavey.RIO",1950,"RIO_CRE_T7","Warm",3
"Switzerland","CH_Lavey","CH_Lavey.CRE",2016,"Yes",1,"CH_Lavey.RIO",1950,"RIO_CRE_T8","Warm",3
"Switzerland","CH_Lavey","CH_Lavey.CRE",2016,"Yes",1,"CH_Lavey.RIO",1950,"RIO_CRE_T9","Warm",3
"Switzerland","CH_Lavey","CH_Lavey.MAR",2016,"Yes",1,"CH_Lavey.MAR",1750,"MAR_MAR_T1","Control_Destination",3
"Switzerland","CH_Lavey","CH_Lavey.MAR",2016,"Yes",1,"CH_Lavey.MAR",1750,"MAR_MAR_T10","Control_Destination",3
"Switzerland","CH_Lavey","CH_Lavey.MAR",2016,"Yes",1,"CH_Lavey.MAR",1750,"MAR_MAR_T2","Control_Destination",3
"Switzerland","CH_Lavey","CH_Lavey.MAR",2016,"Yes",1,"CH_Lavey.MAR",1750,"MAR_MAR_T3","Control_Destination",3
"Switzerland","CH_Lavey","CH_Lavey.MAR",2016,"Yes",1,"CH_Lavey.MAR",1750,"MAR_MAR_T4","Control_Destination",3
"Switzerland","CH_Lavey","CH_Lavey.MAR",2016,"Yes",1,"CH_Lavey.MAR",1750,"MAR_MAR_T5","Control_Destination",3
"Switzerland","CH_Lavey","CH_Lavey.MAR",2016,"Yes",1,"CH_Lavey.MAR",1750,"MAR_MAR_T6","Control_Destination",3
"Switzerland","CH_Lavey","CH_Lavey.MAR",2016,"Yes",1,"CH_Lavey.MAR",1750,"MAR_MAR_T7","Control_Destination",3
"Switzerland","CH_Lavey","CH_Lavey.MAR",2016,"Yes",1,"CH_Lavey.MAR",1750,"MAR_MAR_T8","Control_Destination",3
"Switzerland","CH_Lavey","CH_Lavey.MAR",2016,"Yes",1,"CH_Lavey.MAR",1750,"MAR_MAR_T9","Control_Destination",3
"Switzerland","CH_Lavey","CH_Lavey.MAR",2016,"Yes",1,"CH_Lavey.RIO",1750,"RIO_MAR_T1","Warm",3
"Switzerland","CH_Lavey","CH_Lavey.MAR",2016,"Yes",1,"CH_Lavey.RIO",1750,"RIO_MAR_T10","Warm",3
"Switzerland","CH_Lavey","CH_Lavey.MAR",2016,"Yes",1,"CH_Lavey.RIO",1750,"RIO_MAR_T2","Warm",3
"Switzerland","CH_Lavey","CH_Lavey.MAR",2016,"Yes",1,"CH_Lavey.RIO",1750,"RIO_MAR_T3","Warm",3
"Switzerland","CH_Lavey","CH_Lavey.MAR",2016,"Yes",1,"CH_Lavey.RIO",1750,"RIO_MAR_T4","Warm",3
"Switzerland","CH_Lavey","CH_Lavey.MAR",2016,"Yes",1,"CH_Lavey.RIO",1750,"RIO_MAR_T5","Warm",3
"Switzerland","CH_Lavey","CH_Lavey.MAR",2016,"Yes",1,"CH_Lavey.RIO",1750,"RIO_MAR_T6","Warm",3
"Switzerland","CH_Lavey","CH_Lavey.MAR",2016,"Yes",1,"CH_Lavey.RIO",1750,"RIO_MAR_T7","Warm",3
"Switzerland","CH_Lavey","CH_Lavey.MAR",2016,"Yes",1,"CH_Lavey.RIO",1750,"RIO_MAR_T8","Warm",3
"Switzerland","CH_Lavey","CH_Lavey.MAR",2016,"Yes",1,"CH_Lavey.RIO",1750,"RIO_MAR_T9","Warm",3
"Switzerland","CH_Lavey","CH_Lavey.PRA",2016,"Yes",1,"CH_Lavey.PRA",1400,"PRA_PRA_T1","Control_Destination",3
"Switzerland","CH_Lavey","CH_Lavey.PRA",2016,"Yes",1,"CH_Lavey.PRA",1400,"PRA_PRA_T10","Control_Destination",3
"Switzerland","CH_Lavey","CH_Lavey.PRA",2016,"Yes",1,"CH_Lavey.PRA",1400,"PRA_PRA_T2","Control_Destination",3
"Switzerland","CH_Lavey","CH_Lavey.PRA",2016,"Yes",1,"CH_Lavey.PRA",1400,"PRA_PRA_T3","Control_Destination",3
"Switzerland","CH_Lavey","CH_Lavey.PRA",2016,"Yes",1,"CH_Lavey.PRA",1400,"PRA_PRA_T4","Control_Destination",3
"Switzerland","CH_Lavey","CH_Lavey.PRA",2016,"Yes",1,"CH_Lavey.PRA",1400,"PRA_PRA_T5","Control_Destination",3
"Switzerland","CH_Lavey","CH_Lavey.PRA",2016,"Yes",1,"CH_Lavey.PRA",1400,"PRA_PRA_T6","Control_Destination",3
"Switzerland","CH_Lavey","CH_Lavey.PRA",2016,"Yes",1,"CH_Lavey.PRA",1400,"PRA_PRA_T7","Control_Destination",3
"Switzerland","CH_Lavey","CH_Lavey.PRA",2016,"Yes",1,"CH_Lavey.PRA",1400,"PRA_PRA_T8","Control_Destination",3
"Switzerland","CH_Lavey","CH_Lavey.PRA",2016,"Yes",1,"CH_Lavey.PRA",1400,"PRA_PRA_T9","Control_Destination",3
"Switzerland","CH_Lavey","CH_Lavey.PRA",2016,"Yes",1,"CH_Lavey.RIO",1400,"RIO_PRA_T1","Warm",3
"Switzerland","CH_Lavey","CH_Lavey.PRA",2016,"Yes",1,"CH_Lavey.RIO",1400,"RIO_PRA_T2","Warm",3
"Switzerland","CH_Lavey","CH_Lavey.PRA",2016,"Yes",1,"CH_Lavey.RIO",1400,"RIO_PRA_T3","Warm",3
"Switzerland","CH_Lavey","CH_Lavey.PRA",2016,"Yes",1,"CH_Lavey.RIO",1400,"RIO_PRA_T4","Warm",3
"Switzerland","CH_Lavey","CH_Lavey.PRA",2016,"Yes",1,"CH_Lavey.RIO",1400,"RIO_PRA_T5","Warm",3
"Switzerland","CH_Lavey","CH_Lavey.PRA",2016,"Yes",1,"CH_Lavey.RIO",1400,"RIO_PRA_T6","Warm",3
"Switzerland","CH_Lavey","CH_Lavey.PRA",2016,"Yes",1,"CH_Lavey.RIO",1400,"RIO_PRA_T7","Warm",3
"Switzerland","CH_Lavey","CH_Lavey.PRA",2016,"Yes",1,"CH_Lavey.RIO",1400,"RIO_PRA_T8","Warm",3
"Switzerland","CH_Lavey","CH_Lavey.PRA",2016,"Yes",1,"CH_Lavey.RIO",1400,"RIO_PRA_T9","Warm",3
"Switzerland","CH_Lavey","CH_Lavey.RIO",2016,"Yes",1,"CH_Lavey.RIO",2200,"RIO_RIO_T1","Control_Origin",3
"Switzerland","CH_Lavey","CH_Lavey.RIO",2016,"Yes",1,"CH_Lavey.RIO",2200,"RIO_RIO_T10","Control_Origin",3
"Switzerland","CH_Lavey","CH_Lavey.RIO",2016,"Yes",1,"CH_Lavey.RIO",2200,"RIO_RIO_T2","Control_Origin",3
"Switzerland","CH_Lavey","CH_Lavey.RIO",2016,"Yes",1,"CH_Lavey.RIO",2200,"RIO_RIO_T3","Control_Origin",3
"Switzerland","CH_Lavey","CH_Lavey.RIO",2016,"Yes",1,"CH_Lavey.RIO",2200,"RIO_RIO_T4","Control_Origin",3
"Switzerland","CH_Lavey","CH_Lavey.RIO",2016,"Yes",1,"CH_Lavey.RIO",2200,"RIO_RIO_T5","Control_Origin",3
"Switzerland","CH_Lavey","CH_Lavey.RIO",2016,"Yes",1,"CH_Lavey.RIO",2200,"RIO_RIO_T6","Control_Origin",3
"Switzerland","CH_Lavey","CH_Lavey.RIO",2016,"Yes",1,"CH_Lavey.RIO",2200,"RIO_RIO_T7","Control_Origin",3
"Switzerland","CH_Lavey","CH_Lavey.RIO",2016,"Yes",1,"CH_Lavey.RIO",2200,"RIO_RIO_T8","Control_Origin",3
"Switzerland","CH_Lavey","CH_Lavey.RIO",2016,"Yes",1,"CH_Lavey.RIO",2200,"RIO_RIO_T9","Control_Origin",3
"Switzerland","CH_Lavey","CH_Lavey.PRA",2016,"Yes",1,"CH_Lavey.RIO",1400,"RIO_PRA_T10","Warm",3
"Switzerland","CH_Calanda","CH_Calanda.Cal",2012,"Yes",0.75,"CH_Calanda.Cal",2000,"Cal01.03","Control_Origin",6
"Switzerland","CH_Calanda","CH_Calanda.Cal",2012,"Yes",0.75,"CH_Calanda.Pea",2000,"Cal01.04","Warm",6
"Switzerland","CH_Calanda","CH_Calanda.Cal",2012,"Yes",0.75,"CH_Calanda.Cal",2000,"Cal02.02","Control_Origin",6
"Switzerland","CH_Calanda","CH_Calanda.Cal",2012,"Yes",0.75,"CH_Calanda.Pea",2000,"Cal02.04","Warm",6
"Switzerland","CH_Calanda","CH_Calanda.Cal",2012,"Yes",0.75,"CH_Calanda.Cal",2000,"Cal03.01","Control_Origin",6
"Switzerland","CH_Calanda","CH_Calanda.Cal",2012,"Yes",0.75,"CH_Calanda.Cal",2000,"Cal03.01","Control_Origin",4
"Switzerland","CH_Calanda","CH_Calanda.Cal",2012,"Yes",0.75,"CH_Calanda.Pea",2000,"Cal03.04","Warm",6
"Switzerland","CH_Calanda","CH_Calanda.Cal",2012,"Yes",0.75,"CH_Calanda.Pea",2000,"Cal04.02","Warm",6
"Switzerland","CH_Calanda","CH_Calanda.Cal",2012,"Yes",0.75,"CH_Calanda.Cal",2000,"Cal04.03","Control_Origin",6
"Switzerland","CH_Calanda","CH_Calanda.Cal",2012,"Yes",0.75,"CH_Calanda.Cal",2000,"Cal05.01","Control_Origin",6
"Switzerland","CH_Calanda","CH_Calanda.Cal",2012,"Yes",0.75,"CH_Calanda.Cal",2000,"Cal05.01","Control_Origin",4
"Switzerland","CH_Calanda","CH_Calanda.Cal",2012,"Yes",0.75,"CH_Calanda.Pea",2000,"Cal05.04","Warm",6
"Switzerland","CH_Calanda","CH_Calanda.Cal",2012,"Yes",0.75,"CH_Calanda.Pea",2000,"Cal06.01","Warm",6
"Switzerland","CH_Calanda","CH_Calanda.Cal",2012,"Yes",0.75,"CH_Calanda.Pea",2000,"Cal06.01","Warm",4
"Switzerland","CH_Calanda","CH_Calanda.Cal",2012,"Yes",0.75,"CH_Calanda.Cal",2000,"Cal06.03","Control_Origin",6
"Switzerland","CH_Calanda","CH_Calanda.Cal",2012,"Yes",0.75,"CH_Calanda.Pea",2000,"Cal07.01","Warm",6
"Switzerland","CH_Calanda","CH_Calanda.Cal",2012,"Yes",0.75,"CH_Calanda.Pea",2000,"Cal07.01","Warm",4
"Switzerland","CH_Calanda","CH_Calanda.Cal",2012,"Yes",0.75,"CH_Calanda.Cal",2000,"Cal07.03","Control_Origin",6
"Switzerland","CH_Calanda","CH_Calanda.Cal",2012,"Yes",0.75,"CH_Calanda.Pea",2000,"Cal08.02","Warm",6
"Switzerland","CH_Calanda","CH_Calanda.Cal",2012,"Yes",0.75,"CH_Calanda.Cal",2000,"Cal08.04","Control_Origin",6
"Switzerland","CH_Calanda","CH_Calanda.Cal",2012,"Yes",0.75,"CH_Calanda.Cal",2000,"Cal09.01","Control_Origin",6
"Switzerland","CH_Calanda","CH_Calanda.Cal",2012,"Yes",0.75,"CH_Calanda.Cal",2000,"Cal09.01","Control_Origin",4
"Switzerland","CH_Calanda","CH_Calanda.Cal",2012,"Yes",0.75,"CH_Calanda.Pea",2000,"Cal09.04","Warm",6
"Switzerland","CH_Calanda","CH_Calanda.Cal",2012,"Yes",0.75,"CH_Calanda.Cal",2000,"Cal10.03","Control_Origin",6
"Switzerland","CH_Calanda","CH_Calanda.Cal",2012,"Yes",0.75,"CH_Calanda.Pea",2000,"Cal10.04","Warm",6
"Switzerland","CH_Calanda","CH_Calanda.Nes",2012,"Yes",0.75,"CH_Calanda.Nes",1400,"Nes01.01","Control_Destination",6
"Switzerland","CH_Calanda","CH_Calanda.Nes",2012,"Yes",0.75,"CH_Calanda.Cal",1400,"Nes01.04","Warm",6
"Switzerland","CH_Calanda","CH_Calanda.Nes",2012,"Yes",0.75,"CH_Calanda.Cal",1400,"Nes02.03","Warm",6
"Switzerland","CH_Calanda","CH_Calanda.Nes",2012,"Yes",0.75,"CH_Calanda.Cal",1400,"Nes02.03","Warm",4
"Switzerland","CH_Calanda","CH_Calanda.Nes",2012,"Yes",0.75,"CH_Calanda.Nes",1400,"Nes02.04","Control_Destination",6
"Switzerland","CH_Calanda","CH_Calanda.Nes",2012,"Yes",0.75,"CH_Calanda.Cal",1400,"Nes03.01","Warm",6
"Switzerland","CH_Calanda","CH_Calanda.Nes",2012,"Yes",0.75,"CH_Calanda.Cal",1400,"Nes03.01","Warm",4
"Switzerland","CH_Calanda","CH_Calanda.Nes",2012,"Yes",0.75,"CH_Calanda.Nes",1400,"Nes03.04","Control_Destination",6
"Switzerland","CH_Calanda","CH_Calanda.Nes",2012,"Yes",0.75,"CH_Calanda.Cal",1400,"Nes04.02","Warm",6
"Switzerland","CH_Calanda","CH_Calanda.Nes",2012,"Yes",0.75,"CH_Calanda.Nes",1400,"Nes04.04","Control_Destination",6
"Switzerland","CH_Calanda","CH_Calanda.Nes",2012,"Yes",0.75,"CH_Calanda.Cal",1400,"Nes05.01","Warm",6
"Switzerland","CH_Calanda","CH_Calanda.Nes",2012,"Yes",0.75,"CH_Calanda.Cal",1400,"Nes05.01","Warm",4
"Switzerland","CH_Calanda","CH_Calanda.Nes",2012,"Yes",0.75,"CH_Calanda.Nes",1400,"Nes05.04","Control_Destination",6
"Switzerland","CH_Calanda","CH_Calanda.Nes",2012,"Yes",0.75,"CH_Calanda.Nes",1400,"Nes06.01","Control_Destination",6
"Switzerland","CH_Calanda","CH_Calanda.Nes",2012,"Yes",0.75,"CH_Calanda.Cal",1400,"Nes06.03","Warm",6
"Switzerland","CH_Calanda","CH_Calanda.Nes",2012,"Yes",0.75,"CH_Calanda.Cal",1400,"Nes06.03","Warm",4
"Switzerland","CH_Calanda","CH_Calanda.Nes",2012,"Yes",0.75,"CH_Calanda.Nes",1400,"Nes07.01","Control_Destination",6
"Switzerland","CH_Calanda","CH_Calanda.Nes",2012,"Yes",0.75,"CH_Calanda.Cal",1400,"Nes07.02","Warm",6
"Switzerland","CH_Calanda","CH_Calanda.Nes",2012,"Yes",0.75,"CH_Calanda.Cal",1400,"Nes08.02","Warm",6
"Switzerland","CH_Calanda","CH_Calanda.Nes",2012,"Yes",0.75,"CH_Calanda.Nes",1400,"Nes08.03","Control_Destination",6
"Switzerland","CH_Calanda","CH_Calanda.Nes",2012,"Yes",0.75,"CH_Calanda.Nes",1400,"Nes09.03","Control_Destination",6
"Switzerland","CH_Calanda","CH_Calanda.Nes",2012,"Yes",0.75,"CH_Calanda.Nes",1400,"Nes09.03","Control_Destination",4
"Switzerland","CH_Calanda","CH_Calanda.Nes",2012,"Yes",0.75,"CH_Calanda.Cal",1400,"Nes09.04","Warm",6
"Switzerland","CH_Calanda","CH_Calanda.Nes",2012,"Yes",0.75,"CH_Calanda.Cal",1400,"Nes10.01","Warm",6
"Switzerland","CH_Calanda","CH_Calanda.Nes",2012,"Yes",0.75,"CH_Calanda.Cal",1400,"Nes10.01","Warm",4
"Switzerland","CH_Calanda","CH_Calanda.Nes",2012,"Yes",0.75,"CH_Calanda.Nes",1400,"Nes10.02","Control_Destination",6
"Switzerland","CH_Calanda","CH_Calanda.Pea",2012,"Yes",0.75,"CH_Calanda.Pea",2800,"Pea01.01","Control_Origin",6
"Switzerland","CH_Calanda","CH_Calanda.Pea",2012,"Yes",0.75,"CH_Calanda.Pea",2800,"Pea02.01","Control_Origin",6
"Switzerland","CH_Calanda","CH_Calanda.Pea",2012,"Yes",0.75,"CH_Calanda.Pea",2800,"Pea03.01","Control_Origin",6
"Switzerland","CH_Calanda","CH_Calanda.Pea",2012,"Yes",0.75,"CH_Calanda.Pea",2800,"Pea04.01","Control_Origin",6
"Switzerland","CH_Calanda","CH_Calanda.Pea",2012,"Yes",0.75,"CH_Calanda.Pea",2800,"Pea05.01","Control_Origin",6
"Switzerland","CH_Calanda","CH_Calanda.Pea",2012,"Yes",0.75,"CH_Calanda.Pea",2800,"Pea06.01","Control_Origin",6
"Switzerland","CH_Calanda","CH_Calanda.Pea",2012,"Yes",0.75,"CH_Calanda.Pea",2800,"Pea07.01","Control_Origin",6
"Switzerland","CH_Calanda","CH_Calanda.Pea",2012,"Yes",0.75,"CH_Calanda.Pea",2800,"Pea08.01","Control_Origin",6
"Switzerland","CH_Calanda","CH_Calanda.Pea",2012,"Yes",0.75,"CH_Calanda.Pea",2800,"Pea09.01","Control_Origin",6
"Switzerland","CH_Calanda","CH_Calanda.Pea",2012,"Yes",0.75,"CH_Calanda.Pea",2800,"Pea10.01","Control_Origin",6
NA,NA,"CH_Calanda2.Cal",NA,NA,NA,"CH_Calanda2.Cal",2000,"Cal01.01","Control_Origin",4
NA,NA,"CH_Calanda2.Cal",NA,NA,NA,"CH_Calanda2.Cal",2000,"Cal02.01","Control_Origin",4
NA,NA,"CH_Calanda2.Cal",NA,NA,NA,"CH_Calanda2.Cal",2000,"Cal04.01","Control_Origin",4
NA,NA,"CH_Calanda2.Cal",NA,NA,NA,"CH_Calanda2.Cal",2000,"Cal08.01","Control_Origin",4
NA,NA,"CH_Calanda2.Cal",NA,NA,NA,"CH_Calanda2.Cal",2000,"Cal10.01","Control_Origin",4
NA,NA,"CH_Calanda2.Nes",NA,NA,NA,"CH_Calanda2.Cal",1400,"Nes01.03","Warm",4
NA,NA,"CH_Calanda2.Nes",NA,NA,NA,"CH_Calanda2.Nes",1400,"Nes01.09","Control_Destination",3
NA,NA,"CH_Calanda2.Nes",NA,NA,NA,"CH_Calanda2.Nes",1400,"Nes02.08","Control_Destination",3
NA,NA,"CH_Calanda2.Nes",NA,NA,NA,"CH_Calanda2.Nes",1400,"Nes03.09","Control_Destination",3
NA,NA,"CH_Calanda2.Nes",NA,NA,NA,"CH_Calanda2.Cal",1400,"Nes04.03","Warm",4
NA,NA,"CH_Calanda2.Nes",NA,NA,NA,"CH_Calanda2.Nes",1400,"Nes04.09","Control_Destination",3
NA,NA,"CH_Calanda2.Nes",NA,NA,NA,"CH_Calanda2.Nes",1400,"Nes05.09","Control_Destination",3
NA,NA,"CH_Calanda2.Nes",NA,NA,NA,"CH_Calanda2.Nes",1400,"Nes06.08","Control_Destination",3
NA,NA,"CH_Calanda2.Nes",NA,NA,NA,"CH_Calanda2.Cal",1400,"Nes07.03","Warm",4
NA,NA,"CH_Calanda2.Nes",NA,NA,NA,"CH_Calanda2.Nes",1400,"Nes07.08","Control_Destination",3
NA,NA,"CH_Calanda2.Nes",NA,NA,NA,"CH_Calanda2.Cal",1400,"Nes08.01","Warm",4
NA,NA,"CH_Calanda2.Nes",NA,NA,NA,"CH_Calanda2.Nes",1400,"Nes08.08","Control_Destination",3
NA,NA,"CH_Calanda2.Nes",NA,NA,NA,"CH_Calanda2.Nes",1400,"Nes09.08","Control_Destination",3
NA,NA,"CH_Calanda2.Nes",NA,NA,NA,"CH_Calanda2.Nes",1400,"Nes10.09","Control_Destination",3
NA,NA,"US_Montana.Low",NA,NA,NA,"US_Montana.Low",1985,"Low_Low_1","Control_Destination",4
NA,NA,"US_Montana.Low",NA,NA,NA,"US_Montana.Low",1985,"Low_Low_4","Control_Destination",4
NA,NA,"US_Montana.Low",NA,NA,NA,"US_Montana.Low",1985,"Low_Low_5","Control_Destination",4
NA,NA,"US_Montana.Low",NA,NA,NA,"US_Montana.Low",1985,"Low_Low_7","Control_Destination",4
NA,NA,"US_Montana.Low",NA,NA,NA,"US_Montana.Low",1985,"Low_Low_8","Control_Destination",4
NA,NA,"US_Montana.Low",NA,NA,NA,"US_Montana.Low",1985,"Low_Low_9","Control_Destination",4
NA,NA,"US_Montana.Low",NA,NA,NA,"US_Montana.Low",1985,"Low_Low_3","Control_Destination",4
NA,NA,"US_Montana.Low",NA,NA,NA,"US_Montana.High",1985,"High_Low_8","Warm",4
NA,NA,"US_Montana.Low",NA,NA,NA,"US_Montana.Low",1985,"Low_Low_2","Control_Destination",4
NA,NA,"US_Montana.Low",NA,NA,NA,"US_Montana.Low",1985,"Low_Low_10","Control_Destination",4
NA,NA,"US_Montana.Low",NA,NA,NA,"US_Montana.High",1985,"High_Low_1","Warm",4
NA,NA,"US_Montana.Low",NA,NA,NA,"US_Montana.High",1985,"High_Low_2","Warm",4
NA,NA,"US_Montana.Low",NA,NA,NA,"US_Montana.High",1985,"High_Low_3","Warm",4
NA,NA,"US_Montana.Low",NA,NA,NA,"US_Montana.High",1985,"High_Low_5","Warm",4
NA,NA,"US_Montana.Low",NA,NA,NA,"US_Montana.High",1985,"High_Low_6","Warm",4
NA,NA,"US_Montana.Low",NA,NA,NA,"US_Montana.High",1985,"High_Low_7","Warm",4
NA,NA,"US_Montana.Low",NA,NA,NA,"US_Montana.High",1985,"High_Low_9","Warm",4
NA,NA,"US_Montana.Low",NA,NA,NA,"US_Montana.High",1985,"High_Low_10","Warm",4
NA,NA,"US_Montana.High",NA,NA,NA,"US_Montana.High",2185,"High_High_1","Control_Origin",4
NA,NA,"US_Montana.High",NA,NA,NA,"US_Montana.High",2185,"High_High_2","Control_Origin",4
NA,NA,"US_Montana.High",NA,NA,NA,"US_Montana.High",2185,"High_High_3","Control_Origin",4
NA,NA,"US_Montana.High",NA,NA,NA,"US_Montana.High",2185,"High_High_4","Control_Origin",4
NA,NA,"US_Montana.High",NA,NA,NA,"US_Montana.High",2185,"High_High_5","Control_Origin",4
NA,NA,"US_Montana.High",NA,NA,NA,"US_Montana.High",2185,"High_High_6","Control_Origin",4
NA,NA,"US_Montana.High",NA,NA,NA,"US_Montana.High",2185,"High_High_7","Control_Origin",4
NA,NA,"US_Montana.High",NA,NA,NA,"US_Montana.High",2185,"High_High_8","Control_Origin",4
NA,NA,"US_Montana.High",NA,NA,NA,"US_Montana.High",2185,"High_High_10","Control_Origin",4
NA,NA,"US_Montana.Low",NA,NA,NA,"US_Montana.Low",1985,"Low_Low_6","Control_Destination",4
NA,NA,"US_Montana.High",NA,NA,NA,"US_Montana.High",2185,"High_High_9","Control_Origin",4
NA,NA,"US_Montana.Low",NA,NA,NA,"US_Montana.High",1985,"High_Low_4","Warm",4
"USA","US_Arizona","US_Arizona.PP",2014,"Yes",0.09,"US_Arizona.MC",2344,"MC_PP_PP_3","Warm",5
"USA","US_Arizona","US_Arizona.PP",2014,"Yes",0.09,"US_Arizona.MC",2344,"MC_PP_PP_10","Warm",5
"USA","US_Arizona","US_Arizona.PP",2014,"Yes",0.09,"US_Arizona.MC",2344,"MC_PP_PP_23","Warm",5
"USA","US_Arizona","US_Arizona.PP",2014,"Yes",0.09,"US_Arizona.MC",2344,"MC_PP_PP_28","Warm",5
"USA","US_Arizona","US_Arizona.PP",2014,"Yes",0.09,"US_Arizona.PP",2344,"PP_PP_PP_15","Control_Destination",5
"USA","US_Arizona","US_Arizona.PP",2014,"Yes",0.09,"US_Arizona.PP",2344,"PP_PP_PP_16","Control_Destination",5
"USA","US_Arizona","US_Arizona.PP",2014,"Yes",0.09,"US_Arizona.PP",2344,"PP_PP_PP_18","Control_Destination",5
"USA","US_Arizona","US_Arizona.PP",2014,"Yes",0.09,"US_Arizona.PP",2344,"PP_PP_PP_31","Control_Destination",5
"USA","US_Arizona","US_Arizona.PP",2014,"Yes",0.09,"US_Arizona.PP",2344,"PP_PP_PP_34","Control_Destination",5
"USA","US_Arizona","US_Arizona.PP",2014,"Yes",0.09,"US_Arizona.PP",2344,"PP_PP_PP_37","Control_Destination",5
"USA","US_Arizona","US_Arizona.PP",2014,"Yes",0.09,"US_Arizona.PP",2344,"PP_PP_PP_39","Control_Destination",5
"USA","US_Arizona","US_Arizona.PP",2014,"Yes",0.09,"US_Arizona.MC",2344,"MC_PP_PP_1","Warm",5
"USA","US_Arizona","US_Arizona.PP",2014,"Yes",0.09,"US_Arizona.MC",2344,"MC_PP_PP_7","Warm",5
"USA","US_Arizona","US_Arizona.MC",2014,"Yes",0.09,"US_Arizona.MC",2620,"MC_MC_MC_4","Control_Origin",5
"USA","US_Arizona","US_Arizona.MC",2014,"Yes",0.09,"US_Arizona.MC",2620,"MC_MC_MC_10","Control_Origin",5
"USA","US_Arizona","US_Arizona.MC",2014,"Yes",0.09,"US_Arizona.MC",2620,"MC_MC_MC_13","Control_Origin",5
"USA","US_Arizona","US_Arizona.MC",2014,"Yes",0.09,"US_Arizona.MC",2620,"MC_MC_MC_20","Control_Origin",5
"USA","US_Arizona","US_Arizona.PP",2014,"Yes",0.09,"US_Arizona.MC",2344,"MC_PP_PP_25","Warm",5
"USA","US_Arizona","US_Arizona.MC",2014,"Yes",0.09,"US_Arizona.MC",2620,"MC_MC_MC_12","Control_Origin",5
"USA","US_Arizona","US_Arizona.MC",2014,"Yes",0.09,"US_Arizona.MC",2620,"MC_MC_MC_15","Control_Origin",5
"USA","US_Arizona","US_Arizona.MC",2014,"Yes",0.09,"US_Arizona.MC",2620,"MC_MC_MC_18","Control_Origin",5
"China","CN_Damxung","CN_Damxung.LOW",2013,"Yes",0.25,"CN_Damxung.LOW",4313,"DAM.LOW.1.2","Control_Destination",5
"China","CN_Damxung","CN_Damxung.LOW",2013,"Yes",0.25,"CN_Damxung.HIGH",4313,"DAM.LOW.1.3","Warm",5
"China","CN_Damxung","CN_Damxung.LOW",2013,"Yes",0.25,"CN_Damxung.LOW",4313,"DAM.LOW.2.1","Control_Destination",5
"China","CN_Damxung","CN_Damxung.LOW",2013,"Yes",0.25,"CN_Damxung.HIGH",4313,"DAM.LOW.2.4","Warm",5
"China","CN_Damxung","CN_Damxung.LOW",2013,"Yes",0.25,"CN_Damxung.LOW",4313,"DAM.LOW.3.2","Control_Destination",5
"China","CN_Damxung","CN_Damxung.LOW",2013,"Yes",0.25,"CN_Damxung.HIGH",4313,"DAM.LOW.3.1","Warm",5
"China","CN_Damxung","CN_Damxung.LOW",2013,"Yes",0.25,"CN_Damxung.LOW",4313,"DAM.LOW.4.1","Control_Destination",5
"China","CN_Damxung","CN_Damxung.LOW",2013,"Yes",0.25,"CN_Damxung.HIGH",4313,"DAM.LOW.4.4","Warm",5
"China","CN_Damxung","CN_Damxung.LOW",2013,"Yes",0.25,"CN_Damxung.LOW",4313,"DAM.LOW.5.4","Control_Destination",5
"China","CN_Damxung","CN_Damxung.LOW",2013,"Yes",0.25,"CN_Damxung.HIGH",4313,"DAM.LOW.5.1","Warm",5
"China","CN_Damxung","CN_Damxung.LOW",2013,"Yes",0.25,"CN_Damxung.LOW",4313,"DAM.LOW.6.3","Control_Destination",5
"China","CN_Damxung","CN_Damxung.LOW",2013,"Yes",0.25,"CN_Damxung.HIGH",4313,"DAM.LOW.6.1","Warm",5
"China","CN_Damxung","CN_Damxung.LOW",2013,"Yes",0.25,"CN_Damxung.LOW",4313,"DAM.LOW.7.2","Control_Destination",5
"China","CN_Damxung","CN_Damxung.LOW",2013,"Yes",0.25,"CN_Damxung.HIGH",4313,"DAM.LOW.7.1","Warm",5
"China","CN_Damxung","CN_Damxung.LOW",2013,"Yes",0.25,"CN_Damxung.LOW",4313,"DAM.LOW.8.1","Control_Destination",5
"China","CN_Damxung","CN_Damxung.LOW",2013,"Yes",0.25,"CN_Damxung.HIGH",4313,"DAM.LOW.8.4","Warm",5
"China","CN_Damxung","CN_Damxung.LOW",2013,"Yes",0.25,"CN_Damxung.LOW",4313,"DAM.LOW.9.1","Control_Destination",5
"China","CN_Damxung","CN_Damxung.LOW",2013,"Yes",0.25,"CN_Damxung.HIGH",4313,"DAM.LOW.9.2","Warm",5
"China","CN_Damxung","CN_Damxung.LOW",2013,"Yes",0.25,"CN_Damxung.LOW",4313,"DAM.LOW.10.2","Control_Destination",5
"China","CN_Damxung","CN_Damxung.LOW",2013,"Yes",0.25,"CN_Damxung.HIGH",4313,"DAM.LOW.10.1","Warm",5
"China","CN_Damxung","CN_Damxung.HIGH",2013,"Yes",0.25,"CN_Damxung.HIGH",4800,"DAM.HIG.1.1","Control_Origin",5
"China","CN_Damxung","CN_Damxung.HIGH",2013,"Yes",0.25,"CN_Damxung.HIGH",4800,"DAM.HIG.2.2","Control_Origin",5
"China","CN_Damxung","CN_Damxung.HIGH",2013,"Yes",0.25,"CN_Damxung.HIGH",4800,"DAM.HIG.3.2","Control_Origin",5
"China","CN_Damxung","CN_Damxung.HIGH",2013,"Yes",0.25,"CN_Damxung.HIGH",4800,"DAM.HIG.4.2","Control_Origin",5
"China","CN_Damxung","CN_Damxung.HIGH",2013,"Yes",0.25,"CN_Damxung.HIGH",4800,"DAM.HIG.5.2","Control_Origin",5
"China","CN_Damxung","CN_Damxung.HIGH",2013,"Yes",0.25,"CN_Damxung.HIGH",4800,"DAM.HIG.6.2","Control_Origin",5
"China","CN_Damxung","CN_Damxung.HIGH",2013,"Yes",0.25,"CN_Damxung.HIGH",4800,"DAM.HIG.7.1","Control_Origin",5
"China","CN_Damxung","CN_Damxung.HIGH",2013,"Yes",0.25,"CN_Damxung.HIGH",4800,"DAM.HIG.8.1","Control_Origin",5
"China","CN_Damxung","CN_Damxung.HIGH",2013,"Yes",0.25,"CN_Damxung.HIGH",4800,"DAM.HIG.9.2","Control_Origin",5
"China","CN_Damxung","CN_Damxung.HIGH",2013,"Yes",0.25,"CN_Damxung.HIGH",4800,"DAM.HIG.10.2","Control_Origin",5
"China","CN_Gongga","CN_Gongga.M",2012,"Yes",0.0625,"CN_Gongga.A",3500,"M1-1","Warm",5
"China","CN_Gongga","CN_Gongga.A",2012,"Yes",0.0625,"CN_Gongga.A",3850,"A1-O","Control_Origin",5
"China","CN_Gongga","CN_Gongga.M",2012,"Yes",0.0625,"CN_Gongga.A",3500,"M2-1","Warm",5
"China","CN_Gongga","CN_Gongga.A",2012,"Yes",0.0625,"CN_Gongga.A",3850,"A2-O","Control_Origin",5
"China","CN_Gongga","CN_Gongga.M",2012,"Yes",0.0625,"CN_Gongga.A",3500,"M3-1","Warm",5
"China","CN_Gongga","CN_Gongga.A",2012,"Yes",0.0625,"CN_Gongga.A",3850,"A3-O","Control_Origin",5
"China","CN_Gongga","CN_Gongga.M",2012,"Yes",0.0625,"CN_Gongga.A",3500,"M4-1","Warm",5
"China","CN_Gongga","CN_Gongga.A",2012,"Yes",0.0625,"CN_Gongga.A",3850,"A4-O","Control_Origin",5
"China","CN_Gongga","CN_Gongga.M",2012,"Yes",0.0625,"CN_Gongga.A",3500,"M5-1","Warm",5
"China","CN_Gongga","CN_Gongga.A",2012,"Yes",0.0625,"CN_Gongga.A",3850,"A5-O","Control_Origin",5
"China","CN_Gongga","CN_Gongga.M",2012,"Yes",0.0625,"CN_Gongga.A",3500,"M6-1","Warm",5
"China","CN_Gongga","CN_Gongga.A",2012,"Yes",0.0625,"CN_Gongga.A",3850,"A6-O","Control_Origin",5
"China","CN_Gongga","CN_Gongga.M",2012,"Yes",0.0625,"CN_Gongga.A",3500,"M7-1","Warm",5
"China","CN_Gongga","CN_Gongga.A",2012,"Yes",0.0625,"CN_Gongga.A",3850,"A7-O","Control_Origin",5
"China","CN_Gongga","CN_Gongga.A",2012,"Yes",0.0625,"CN_Gongga.H",3850,"A1-1","Warm",5
"China","CN_Gongga","CN_Gongga.L",2012,"Yes",0.0625,"CN_Gongga.H",3000,"L1-3","Warm",5
"China","CN_Gongga","CN_Gongga.H",2012,"Yes",0.0625,"CN_Gongga.H",4100,"H1-O","Control_Origin",5
"China","CN_Gongga","CN_Gongga.A",2012,"Yes",0.0625,"CN_Gongga.H",3850,"A2-1","Warm",5
"China","CN_Gongga","CN_Gongga.L",2012,"Yes",0.0625,"CN_Gongga.H",3000,"L2-3","Warm",5
"China","CN_Gongga","CN_Gongga.H",2012,"Yes",0.0625,"CN_Gongga.H",4100,"H2-O","Control_Origin",5
"China","CN_Gongga","CN_Gongga.A",2012,"Yes",0.0625,"CN_Gongga.H",3850,"A3-1","Warm",5
"China","CN_Gongga","CN_Gongga.L",2012,"Yes",0.0625,"CN_Gongga.H",3000,"L3-3","Warm",5
"China","CN_Gongga","CN_Gongga.H",2012,"Yes",0.0625,"CN_Gongga.H",4100,"H3-O","Control_Origin",5
"China","CN_Gongga","CN_Gongga.A",2012,"Yes",0.0625,"CN_Gongga.H",3850,"A4-1","Warm",5
"China","CN_Gongga","CN_Gongga.L",2012,"Yes",0.0625,"CN_Gongga.H",3000,"L4-3","Warm",5
"China","CN_Gongga","CN_Gongga.H",2012,"Yes",0.0625,"CN_Gongga.H",4100,"H4-O","Control_Origin",5
"China","CN_Gongga","CN_Gongga.A",2012,"Yes",0.0625,"CN_Gongga.H",3850,"A5-1","Warm",5
"China","CN_Gongga","CN_Gongga.L",2012,"Yes",0.0625,"CN_Gongga.H",3000,"L5-3","Warm",5
"China","CN_Gongga","CN_Gongga.H",2012,"Yes",0.0625,"CN_Gongga.H",4100,"H5-O","Control_Origin",5
"China","CN_Gongga","CN_Gongga.A",2012,"Yes",0.0625,"CN_Gongga.H",3850,"A6-1","Warm",5
"China","CN_Gongga","CN_Gongga.L",2012,"Yes",0.0625,"CN_Gongga.H",3000,"L6-3","Warm",5
"China","CN_Gongga","CN_Gongga.H",2012,"Yes",0.0625,"CN_Gongga.H",4100,"H6-O","Control_Origin",5
"China","CN_Gongga","CN_Gongga.A",2012,"Yes",0.0625,"CN_Gongga.H",3850,"A7-1","Warm",5
"China","CN_Gongga","CN_Gongga.L",2012,"Yes",0.0625,"CN_Gongga.H",3000,"L7-3","Warm",5
"China","CN_Gongga","CN_Gongga.H",2012,"Yes",0.0625,"CN_Gongga.H",4100,"H7-O","Control_Origin",5
"China","CN_Gongga","CN_Gongga.L",2012,"Yes",0.0625,"CN_Gongga.L",3000,"L1-O","Control_Destination",5
"China","CN_Gongga","CN_Gongga.L",2012,"Yes",0.0625,"CN_Gongga.L",3000,"L2-O","Control_Destination",5
"China","CN_Gongga","CN_Gongga.L",2012,"Yes",0.0625,"CN_Gongga.L",3000,"L3-O","Control_Destination",5
"China","CN_Gongga","CN_Gongga.L",2012,"Yes",0.0625,"CN_Gongga.L",3000,"L4-O","Control_Destination",5
"China","CN_Gongga","CN_Gongga.L",2012,"Yes",0.0625,"CN_Gongga.L",3000,"L5-O","Control_Destination",5
"China","CN_Gongga","CN_Gongga.L",2012,"Yes",0.0625,"CN_Gongga.L",3000,"L6-O","Control_Destination",5
"China","CN_Gongga","CN_Gongga.L",2012,"Yes",0.0625,"CN_Gongga.L",3000,"L7-O","Control_Destination",5
"China","CN_Gongga","CN_Gongga.L",2012,"Yes",0.0625,"CN_Gongga.M",3000,"L1-1","Warm",5
"China","CN_Gongga","CN_Gongga.M",2012,"Yes",0.0625,"CN_Gongga.M",3500,"M1-O","Control_Origin",5
"China","CN_Gongga","CN_Gongga.L",2012,"Yes",0.0625,"CN_Gongga.M",3000,"L2-1","Warm",5
"China","CN_Gongga","CN_Gongga.M",2012,"Yes",0.0625,"CN_Gongga.M",3500,"M2-O","Control_Origin",5
"China","CN_Gongga","CN_Gongga.L",2012,"Yes",0.0625,"CN_Gongga.M",3000,"L3-1","Warm",5
"China","CN_Gongga","CN_Gongga.M",2012,"Yes",0.0625,"CN_Gongga.M",3500,"M3-O","Control_Origin",5
"China","CN_Gongga","CN_Gongga.L",2012,"Yes",0.0625,"CN_Gongga.M",3000,"L4-1","Warm",5
"China","CN_Gongga","CN_Gongga.M",2012,"Yes",0.0625,"CN_Gongga.M",3500,"M4-O","Control_Origin",5
"China","CN_Gongga","CN_Gongga.L",2012,"Yes",0.0625,"CN_Gongga.M",3000,"L5-1","Warm",5
"China","CN_Gongga","CN_Gongga.M",2012,"Yes",0.0625,"CN_Gongga.M",3500,"M5-O","Control_Origin",5
"China","CN_Gongga","CN_Gongga.L",2012,"Yes",0.0625,"CN_Gongga.M",3000,"L6-1","Warm",5
"China","CN_Gongga","CN_Gongga.M",2012,"Yes",0.0625,"CN_Gongga.M",3500,"M6-O","Control_Origin",5
"China","CN_Gongga","CN_Gongga.L",2012,"Yes",0.0625,"CN_Gongga.M",3000,"L7-1","Warm",5
"China","CN_Gongga","CN_Gongga.M",2012,"Yes",0.0625,"CN_Gongga.M",3500,"M7-O","Control_Origin",5
"China","CN_Heibei","CN_Heibei.3200",2007,"Yes",1,"CN_Heibei.3200",3200,"3200_3200_1","Control_Destination",8
"China","CN_Heibei","CN_Heibei.3200",2007,"Yes",1,"CN_Heibei.3200",3200,"3200_3200_2","Control_Destination",8
"China","CN_Heibei","CN_Heibei.3200",2007,"Yes",1,"CN_Heibei.3200",3200,"3200_3200_3","Control_Destination",8
"China","CN_Heibei","CN_Heibei.3200",2007,"Yes",1,"CN_Heibei.3400",3200,"3400_3200_1","Warm",8
"China","CN_Heibei","CN_Heibei.3200",2007,"Yes",1,"CN_Heibei.3400",3200,"3400_3200_2","Warm",8
"China","CN_Heibei","CN_Heibei.3200",2007,"Yes",1,"CN_Heibei.3400",3200,"3400_3200_3","Warm",8
"China","CN_Heibei","CN_Heibei.3400",2007,"Yes",1,"CN_Heibei.3400",3400,"3400_3400_1","Control_Origin",8
"China","CN_Heibei","CN_Heibei.3400",2007,"Yes",1,"CN_Heibei.3400",3400,"3400_3400_2","Control_Origin",8
"China","CN_Heibei","CN_Heibei.3400",2007,"Yes",1,"CN_Heibei.3400",3400,"3400_3400_3","Control_Origin",8
"China","CN_Heibei","CN_Heibei.3200",2007,"Yes",1,"CN_Heibei.3800",3200,"3800_3200_1","Warm",8
"China","CN_Heibei","CN_Heibei.3200",2007,"Yes",1,"CN_Heibei.3800",3200,"3800_3200_2","Warm",8
"China","CN_Heibei","CN_Heibei.3200",2007,"Yes",1,"CN_Heibei.3800",3200,"3800_3200_3","Warm",8
"China","CN_Heibei","CN_Heibei.3400",2007,"Yes",1,"CN_Heibei.3800",3400,"3800_3400_1","Warm",8
"China","CN_Heibei","CN_Heibei.3400",2007,"Yes",1,"CN_Heibei.3800",3400,"3800_3400_2","Warm",8
"China","CN_Heibei","CN_Heibei.3400",2007,"Yes",1,"CN_Heibei.3800",3400,"3800_3400_3","Warm",8
"China","CN_Heibei","CN_Heibei.3800",2007,"Yes",1,"CN_Heibei.3800",3800,"3800_3800_1","Control_Origin",8
"China","CN_Heibei","CN_Heibei.3800",2007,"Yes",1,"CN_Heibei.3800",3800,"3800_3800_2","Control_Origin",8
"China","CN_Heibei","CN_Heibei.3800",2007,"Yes",1,"CN_Heibei.3800",3800,"3800_3800_3","Control_Origin",8
NA,NA,"DE_Grainau.HIGH",NA,NA,NA,"DE_Grainau.HIGH",1714,"Ger.HIG.1.1","Control_Origin",4
NA,NA,"DE_Grainau.HIGH",NA,NA,NA,"DE_Grainau.HIGH",1714,"Ger.HIG.10.1","Control_Origin",4
NA,NA,"DE_Grainau.HIGH",NA,NA,NA,"DE_Grainau.HIGH",1714,"Ger.HIG.2.2","Control_Origin",4
NA,NA,"DE_Grainau.HIGH",NA,NA,NA,"DE_Grainau.HIGH",1714,"Ger.HIG.3.1","Control_Origin",4
NA,NA,"DE_Grainau.HIGH",NA,NA,NA,"DE_Grainau.HIGH",1714,"Ger.HIG.4.2","Control_Origin",4
NA,NA,"DE_Grainau.HIGH",NA,NA,NA,"DE_Grainau.HIGH",1714,"Ger.HIG.5.2","Control_Origin",4
NA,NA,"DE_Grainau.HIGH",NA,NA,NA,"DE_Grainau.HIGH",1714,"Ger.HIG.6.1","Control_Origin",4
NA,NA,"DE_Grainau.HIGH",NA,NA,NA,"DE_Grainau.HIGH",1714,"Ger.HIG.7.2","Control_Origin",4
NA,NA,"DE_Grainau.HIGH",NA,NA,NA,"DE_Grainau.HIGH",1714,"Ger.HIG.8.1","Control_Origin",4
NA,NA,"DE_Grainau.HIGH",NA,NA,NA,"DE_Grainau.HIGH",1714,"Ger.HIG.9.2","Control_Origin",4
NA,NA,"DE_Grainau.LOW",NA,NA,NA,"DE_Grainau.HIGH",773,"Ger.LOW.1.4","Warm",4
NA,NA,"DE_Grainau.LOW",NA,NA,NA,"DE_Grainau.HIGH",773,"Ger.LOW.10.1","Warm",4
NA,NA,"DE_Grainau.LOW",NA,NA,NA,"DE_Grainau.HIGH",773,"Ger.LOW.2.2","Warm",4
NA,NA,"DE_Grainau.LOW",NA,NA,NA,"DE_Grainau.HIGH",773,"Ger.LOW.3.2","Warm",4
NA,NA,"DE_Grainau.LOW",NA,NA,NA,"DE_Grainau.HIGH",773,"Ger.LOW.4.3","Warm",4
NA,NA,"DE_Grainau.LOW",NA,NA,NA,"DE_Grainau.HIGH",773,"Ger.LOW.5.4","Warm",4
NA,NA,"DE_Grainau.LOW",NA,NA,NA,"DE_Grainau.HIGH",773,"Ger.LOW.6.2","Warm",4
NA,NA,"DE_Grainau.LOW",NA,NA,NA,"DE_Grainau.HIGH",773,"Ger.LOW.7.3","Warm",4
NA,NA,"DE_Grainau.LOW",NA,NA,NA,"DE_Grainau.HIGH",773,"Ger.LOW.8.4","Warm",4
NA,NA,"DE_Grainau.LOW",NA,NA,NA,"DE_Grainau.HIGH",773,"Ger.LOW.9.1","Warm",4
NA,NA,"DE_Grainau.LOW",NA,NA,NA,"DE_Grainau.LOW",773,"Ger.LOW.1.2","Control_Destination",4
NA,NA,"DE_Grainau.LOW",NA,NA,NA,"DE_Grainau.LOW",773,"Ger.LOW.10.3","Control_Destination",4
NA,NA,"DE_Grainau.LOW",NA,NA,NA,"DE_Grainau.LOW",773,"Ger.LOW.2.1","Control_Destination",4
NA,NA,"DE_Grainau.LOW",NA,NA,NA,"DE_Grainau.LOW",773,"Ger.LOW.3.3","Control_Destination",4
NA,NA,"DE_Grainau.LOW",NA,NA,NA,"DE_Grainau.LOW",773,"Ger.LOW.4.4","Control_Destination",4
NA,NA,"DE_Grainau.LOW",NA,NA,NA,"DE_Grainau.LOW",773,"Ger.LOW.5.1","Control_Destination",4
NA,NA,"DE_Grainau.LOW",NA,NA,NA,"DE_Grainau.LOW",773,"Ger.LOW.6.3","Control_Destination",4
NA,NA,"DE_Grainau.LOW",NA,NA,NA,"DE_Grainau.LOW",773,"Ger.LOW.7.4","Control_Destination",4
NA,NA,"DE_Grainau.LOW",NA,NA,NA,"DE_Grainau.LOW",773,"Ger.LOW.8.1","Control_Destination",4
NA,NA,"DE_Grainau.LOW",NA,NA,NA,"DE_Grainau.LOW",773,"Ger.LOW.9.3","Control_Destination",4
"Germany","DE_Susalps","DE_Susalps.BT",2016,"Yes",0.09,"DE_Susalps.BT",350,"BT 1-1-3","Control_Destination",5
"Germany","DE_Susalps","DE_Susalps.BT",2016,"Yes",0.09,"DE_Susalps.BT",350,"BT 1-1-3","Control_Destination",5
"Germany","DE_Susalps","DE_Susalps.BT",2016,"Yes",0.09,"DE_Susalps.BT",350,"BT 1-2-1","Control_Destination",5
"Germany","DE_Susalps","DE_Susalps.BT",2016,"Yes",0.09,"DE_Susalps.BT",350,"BT 1-2-1","Control_Destination",5
"Germany","DE_Susalps","DE_Susalps.BT",2016,"Yes",0.09,"DE_Susalps.BT",350,"BT 1-2-5","Control_Destination",5
"Germany","DE_Susalps","DE_Susalps.BT",2016,"Yes",0.09,"DE_Susalps.BT",350,"BT 1-2-5","Control_Destination",5
"Germany","DE_Susalps","DE_Susalps.BT",2016,"Yes",0.09,"DE_Susalps.BT",350,"BT 1-3-3","Control_Destination",5
"Germany","DE_Susalps","DE_Susalps.BT",2016,"Yes",0.09,"DE_Susalps.BT",350,"BT 1-3-3","Control_Destination",5
"Germany","DE_Susalps","DE_Susalps.BT",2016,"Yes",0.09,"DE_Susalps.BT",350,"BT 1-4-2","Control_Destination",5
"Germany","DE_Susalps","DE_Susalps.BT",2016,"Yes",0.09,"DE_Susalps.BT",350,"BT 1-4-2","Control_Destination",5
"Germany","DE_Susalps","DE_Susalps.BT",2016,"Yes",0.09,"DE_Susalps.BT",350,"BT 1-5-2","Control_Destination",5
"Germany","DE_Susalps","DE_Susalps.BT",2016,"Yes",0.09,"DE_Susalps.BT",350,"BT 1-5-2","Control_Destination",5
"Germany","DE_Susalps","DE_Susalps.BT",2016,"Yes",0.09,"DE_Susalps.BT",350,"BT 1-7-1","Control_Destination",5
"Germany","DE_Susalps","DE_Susalps.BT",2016,"Yes",0.09,"DE_Susalps.BT",350,"BT 1-7-1","Control_Destination",5
"Germany","DE_Susalps","DE_Susalps.BT",2016,"Yes",0.09,"DE_Susalps.BT",350,"BT 1-7-3","Control_Destination",5
"Germany","DE_Susalps","DE_Susalps.BT",2016,"Yes",0.09,"DE_Susalps.BT",350,"BT 1-7-3","Control_Destination",5
"Germany","DE_Susalps","DE_Susalps.EB",2016,"Yes",0.09,"DE_Susalps.EB",1260,"EB 2-2-3","Control_Origin",4
"Germany","DE_Susalps","DE_Susalps.EB",2016,"Yes",0.09,"DE_Susalps.EB",1260,"EB 2-4-4","Control_Origin",4
"Germany","DE_Susalps","DE_Susalps.GW",2016,"Yes",0.09,"DE_Susalps.EB",860,"EB 3-7-2","Warm",4
"Germany","DE_Susalps","DE_Susalps.BT",2016,"Yes",0.09,"DE_Susalps.EB",350,"EB 4-1-1","Warm",5
"Germany","DE_Susalps","DE_Susalps.BT",2016,"Yes",0.09,"DE_Susalps.EB",350,"EB 4-1-3","Warm",5
"Germany","DE_Susalps","DE_Susalps.BT",2016,"Yes",0.09,"DE_Susalps.EB",350,"EB 4-2-1","Warm",5
"Germany","DE_Susalps","DE_Susalps.BT",2016,"Yes",0.09,"DE_Susalps.EB",350,"EB 4-2-2","Warm",5
"Germany","DE_Susalps","DE_Susalps.BT",2016,"Yes",0.09,"DE_Susalps.EB",350,"EB 4-3-1","Warm",5
"Germany","DE_Susalps","DE_Susalps.BT",2016,"Yes",0.09,"DE_Susalps.EB",350,"EB 4-3-3","Warm",5
"Germany","DE_Susalps","DE_Susalps.BT",2016,"Yes",0.09,"DE_Susalps.EB",350,"EB 4-4-3","Warm",5
"Germany","DE_Susalps","DE_Susalps.BT",2016,"Yes",0.09,"DE_Susalps.FE",350,"FE 1-2-2","Warm",5
"Germany","DE_Susalps","DE_Susalps.BT",2016,"Yes",0.09,"DE_Susalps.FE",350,"FE 1-2-3","Warm",5
"Germany","DE_Susalps","DE_Susalps.BT",2016,"Yes",0.09,"DE_Susalps.FE",350,"FE 1-6-3","Warm",5
"Germany","DE_Susalps","DE_Susalps.BT",2016,"Yes",0.09,"DE_Susalps.GW",350,"GW 1-1-1","Warm",5
"Germany","DE_Susalps","DE_Susalps.BT",2016,"Yes",0.09,"DE_Susalps.GW",350,"GW 1-5-2","Warm",5
"Germany","DE_Susalps","DE_Susalps.GW",2016,"Yes",0.09,"DE_Susalps.GW",860,"GW 2-3-1","Control_Origin",5
"Germany","DE_Susalps","DE_Susalps.BT",2016,"Yes",0.09,"DE_Susalps.GW",350,"GW 2-5-2","Warm",5
"Germany","DE_Susalps","DE_Susalps.BT",2016,"Yes",0.09,"DE_Susalps.GW",350,"GW 2-8-2","Warm",5
"Germany","DE_Susalps","DE_Susalps.GW",2016,"Yes",0.09,"DE_Susalps.GW",860,"GW 2-9-1","Control_Origin",5
"Germany","DE_Susalps","DE_Susalps.FE",2016,"Yes",0.09,"DE_Susalps.GW",600,"GW 2-9-2","Warm",5
"Germany","DE_Susalps","DE_Susalps.BT",2016,"Yes",0.09,"DE_Susalps.GW",350,"GW 3-1-1","Warm",5
"Germany","DE_Susalps","DE_Susalps.FE",2016,"Yes",0.09,"DE_Susalps.GW",600,"GW 3-1-2","Warm",5
"Germany","DE_Susalps","DE_Susalps.GW",2016,"Yes",0.09,"DE_Susalps.GW",860,"GW 3-5-1","Control_Origin",5
"Germany","DE_Susalps","DE_Susalps.FE",2016,"Yes",0.09,"DE_Susalps.GW",600,"GW 3-5-3","Warm",5
"Germany","DE_Susalps","DE_Susalps.FE",2016,"Yes",0.09,"DE_Susalps.GW",600,"GW 3-7-3","Warm",5
"Germany","DE_Susalps","DE_Susalps.GW",2016,"Yes",0.09,"DE_Susalps.GW",860,"GW 3-9-1","Control_Origin",5
"Germany","DE_Susalps","DE_Susalps.BT",2016,"Yes",0.09,"DE_Susalps.BT",350,"BT 1-9-3","Control_Destination",5
"Germany","DE_Susalps","DE_Susalps.BT",2016,"Yes",0.09,"DE_Susalps.BT",350,"BT 1-9-3","Control_Destination",5
"Germany","DE_Susalps","DE_Susalps.FE",2016,"Yes",0.09,"DE_Susalps.EB",600,"EB 1-3-2","Warm",4
"Germany","DE_Susalps","DE_Susalps.GW",2016,"Yes",0.09,"DE_Susalps.EB",860,"EB 1-5-1","Warm",4
"Germany","DE_Susalps","DE_Susalps.EB",2016,"Yes",0.09,"DE_Susalps.EB",1260,"EB 1-7-4","Control_Origin",4
"Germany","DE_Susalps","DE_Susalps.GW",2016,"Yes",0.09,"DE_Susalps.EB",860,"EB 1-8-2","Warm",4
"Germany","DE_Susalps","DE_Susalps.FE",2016,"Yes",0.09,"DE_Susalps.EB",600,"EB 1-9-1","Warm",4
"Germany","DE_Susalps","DE_Susalps.EB",2016,"Yes",0.09,"DE_Susalps.EB",1260,"EB 2-2-2","Control_Origin",4
"Germany","DE_Susalps","DE_Susalps.GW",2016,"Yes",0.09,"DE_Susalps.EB",860,"EB 2-3-1","Warm",4
"Germany","DE_Susalps","DE_Susalps.FE",2016,"Yes",0.09,"DE_Susalps.EB",600,"EB 2-3-2","Warm",4
"Germany","DE_Susalps","DE_Susalps.GW",2016,"Yes",0.09,"DE_Susalps.EB",860,"EB 2-3-4","Warm",4
"Germany","DE_Susalps","DE_Susalps.EB",2016,"Yes",0.09,"DE_Susalps.EB",1260,"EB 2-7-3","Control_Origin",4
"Germany","DE_Susalps","DE_Susalps.GW",2016,"Yes",0.09,"DE_Susalps.EB",860,"EB 2-8-2","Warm",4
"Germany","DE_Susalps","DE_Susalps.FE",2016,"Yes",0.09,"DE_Susalps.EB",600,"EB 2-8-3","Warm",4
"Germany","DE_Susalps","DE_Susalps.FE",2016,"Yes",0.09,"DE_Susalps.EB",600,"EB 3-1-1","Warm",4
"Germany","DE_Susalps","DE_Susalps.FE",2016,"Yes",0.09,"DE_Susalps.EB",600,"EB 3-1-2","Warm",4
"Germany","DE_Susalps","DE_Susalps.EB",2016,"Yes",0.09,"DE_Susalps.EB",1260,"EB 3-3-2","Control_Origin",4
"Germany","DE_Susalps","DE_Susalps.EB",2016,"Yes",0.09,"DE_Susalps.EB",1260,"EB 3-3-3","Control_Origin",4
"Germany","DE_Susalps","DE_Susalps.GW",2016,"Yes",0.09,"DE_Susalps.EB",860,"EB 3-5-3","Warm",4
"Germany","DE_Susalps","DE_Susalps.EB",2016,"Yes",0.09,"DE_Susalps.EB",1260,"EB 3-6-2","Control_Origin",4
"Germany","DE_Susalps","DE_Susalps.BT",2016,"Yes",0.09,"DE_Susalps.EB",350,"EB 4-1-2","Warm",5
"Germany","DE_Susalps","DE_Susalps.BT",2016,"Yes",0.09,"DE_Susalps.EB",350,"EB 4-2-3","Warm",5
"Germany","DE_Susalps","DE_Susalps.BT",2016,"Yes",0.09,"DE_Susalps.FE",350,"FE 1-4-3","Warm",5
"Germany","DE_Susalps","DE_Susalps.FE",2016,"Yes",0.09,"DE_Susalps.FE",600,"FE 1-5-2","Control_Origin",5
"Germany","DE_Susalps","DE_Susalps.FE",2016,"Yes",0.09,"DE_Susalps.FE",600,"FE 3-3-2","Control_Origin",5
"Germany","DE_Susalps","DE_Susalps.FE",2016,"Yes",0.09,"DE_Susalps.FE",600,"FE 3-5-3","Control_Origin",5
"Germany","DE_Susalps","DE_Susalps.GW",2016,"Yes",0.09,"DE_Susalps.GW",860,"GW 1-3-1","Control_Origin",5
"Germany","DE_Susalps","DE_Susalps.FE",2016,"Yes",0.09,"DE_Susalps.GW",600,"GW 1-3-2","Warm",5
"Germany","DE_Susalps","DE_Susalps.GW",2016,"Yes",0.09,"DE_Susalps.GW",860,"GW 1-4-2","Control_Origin",5
"Germany","DE_Susalps","DE_Susalps.FE",2016,"Yes",0.09,"DE_Susalps.GW",600,"GW 1-6-1","Warm",5
"Germany","DE_Susalps","DE_Susalps.FE",2016,"Yes",0.09,"DE_Susalps.GW",600,"GW 2-5-3","Warm",5
"Germany","DE_Susalps","DE_Susalps.FE",2016,"Yes",0.09,"DE_Susalps.GW",600,"GW 2-8-1","Warm",5
"Germany","DE_Susalps","DE_Susalps.GW",2016,"Yes",0.09,"DE_Susalps.GW",860,"GW 3-4-2","Control_Origin",5
"Germany","DE_Susalps","DE_Susalps.BT",2016,"Yes",0.09,"DE_Susalps.GW",350,"GW 3-9-3","Warm",5
"Germany","DE_Susalps","DE_Susalps.EB",2016,"Yes",0.09,"DE_Susalps.EB",1260,"EB 1-3-3","Control_Origin",4
"Germany","DE_Susalps","DE_Susalps.GW",2016,"Yes",0.09,"DE_Susalps.EB",860,"EB 1-4-2","Warm",4
"Germany","DE_Susalps","DE_Susalps.GW",2016,"Yes",0.09,"DE_Susalps.EB",860,"EB 1-6-1","Warm",4
"Germany","DE_Susalps","DE_Susalps.FE",2016,"Yes",0.09,"DE_Susalps.FE",600,"FE 1-3-1","Control_Origin",5
"Germany","DE_Susalps","DE_Susalps.BT",2016,"Yes",0.09,"DE_Susalps.GW",350,"GW 2-1-1","Warm",5
"Germany","DE_Susalps","DE_Susalps.GW",2016,"Yes",0.09,"DE_Susalps.GW",860,"GW 2-1-3","Control_Origin",5
"Germany","DE_Susalps","DE_Susalps.BT",2016,"Yes",0.09,"DE_Susalps.GW",350,"GW 2-6-2","Warm",5
"Germany","DE_Susalps","DE_Susalps.FE",2016,"Yes",0.09,"DE_Susalps.EB",600,"EB 1-1-3","Warm",4
"Germany","DE_Susalps","DE_Susalps.FE",2016,"Yes",0.09,"DE_Susalps.EB",600,"EB 1-3-1","Warm",4
"Germany","DE_Susalps","DE_Susalps.FE",2016,"Yes",0.09,"DE_Susalps.EB",600,"EB 1-6-2","Warm",4
"Germany","DE_Susalps","DE_Susalps.BT",2016,"Yes",0.09,"DE_Susalps.GW",350,"GW 1-9-3","Warm",5
"Germany","DE_Susalps","DE_Susalps.FE",2016,"Yes",0.09,"DE_Susalps.FE",600,"FE 1-1-2","Control_Origin",5
"Germany","DE_Susalps","DE_Susalps.BT",2016,"Yes",0.09,"DE_Susalps.FE",350,"FE 2-1-2","Warm",5
"Germany","DE_Susalps","DE_Susalps.FE",2016,"Yes",0.09,"DE_Susalps.FE",600,"FE 2-4-1","Control_Origin",5
"Germany","DE_Susalps","DE_Susalps.BT",2016,"Yes",0.09,"DE_Susalps.FE",350,"FE 2-5-2","Warm",5
"Germany","DE_Susalps","DE_Susalps.FE",2016,"Yes",0.09,"DE_Susalps.FE",600,"FE 2-6-2","Control_Origin",5
"Germany","DE_Susalps","DE_Susalps.FE",2016,"Yes",0.09,"DE_Susalps.FE",600,"FE 2-6-3","Control_Origin",5
"Germany","DE_Susalps","DE_Susalps.BT",2016,"Yes",0.09,"DE_Susalps.FE",350,"FE 3-2-3","Warm",5
"Germany","DE_Susalps","DE_Susalps.GW",2016,"Yes",0.09,"DE_Susalps.GW",860,"GW 1-7-2","Control_Origin",5
"Germany","DE_Susalps","DE_Susalps.FE",2016,"Yes",0.09,"DE_Susalps.GW",600,"GW 1-8-1","Warm",5
"Germany","DE_Susalps","DE_Susalps.BT",2016,"Yes",0.09,"DE_Susalps.FE",350,"FE 1-6-2","Warm",5
"Germany","DE_Susalps","DE_Susalps.BT",2016,"Yes",0.09,"DE_Susalps.FE",350,"FE 1-4-2","Warm",5
"Germany","DE_Susalps","DE_Susalps.FE",2016,"Yes",0.09,"DE_Susalps.FE",600,"FE 3-5-1","Control_Origin",5
NA,NA,"DE_TransAlps.BT",NA,NA,NA,"DE_TransAlps.FP",300,"FP 1-2-3","Warm",5
NA,NA,"DE_TransAlps.BT",NA,NA,NA,"DE_TransAlps.FP",300,"FP 1-2-5","Warm",5
NA,NA,"DE_TransAlps.BT",NA,NA,NA,"DE_TransAlps.FP",300,"FP 1-2-6","Warm",5
"Germany/Switzerland","DE_TransAlps","DE_TransAlps.SP",2016,"Yes",0.09,"DE_TransAlps.SP",1850,"SP 1-1-2","Control_Origin",5
NA,NA,"DE_TransAlps.BT",NA,NA,NA,"DE_TransAlps.SP",300,"SP 1-4-1","Warm",5
NA,NA,"DE_TransAlps.BT",NA,NA,NA,"DE_TransAlps.SP",300,"SP 1-4-2","Warm",5
NA,NA,"DE_TransAlps.BT",NA,NA,NA,"DE_TransAlps.SP",300,"SP 1-5-1","Warm",5
"Germany/Switzerland","DE_TransAlps","DE_TransAlps.SP",2016,"Yes",0.09,"DE_TransAlps.SP",1850,"SP 1-5-2","Control_Origin",5
NA,NA,"DE_TransAlps.BT",NA,NA,NA,"DE_TransAlps.SP",300,"SP 1-6-1","Warm",5
"Germany/Switzerland","DE_TransAlps","DE_TransAlps.SP",2016,"Yes",0.09,"DE_TransAlps.SP",1850,"SP 1-7-1","Control_Origin",5
"Germany/Switzerland","DE_TransAlps","DE_TransAlps.SP",2016,"Yes",0.09,"DE_TransAlps.SP",1850,"SP 1-9-2","Control_Origin",5
"Germany/Switzerland","DE_TransAlps","DE_TransAlps.SP",2016,"Yes",0.09,"DE_TransAlps.SP",1850,"SP 2-2-1","Control_Origin",5
NA,NA,"DE_TransAlps.BT",NA,NA,NA,"DE_TransAlps.SP",300,"SP 2-4-1","Warm",5
"Germany/Switzerland","DE_TransAlps","DE_TransAlps.SP",2016,"Yes",0.09,"DE_TransAlps.SP",1850,"SP 2-4-2","Control_Origin",5
"Germany/Switzerland","DE_TransAlps","DE_TransAlps.SP",2016,"Yes",0.09,"DE_TransAlps.SP",1850,"SP 2-8-2","Control_Origin",5
NA,NA,"DE_TransAlps.BT",NA,NA,NA,"DE_TransAlps.SP",300,"SP 2-9-2","Warm",5
NA,NA,"DE_TransAlps.BT",NA,NA,NA,"DE_TransAlps.FP",300,"FP 1-2-1","Warm",5
NA,NA,"DE_TransAlps.BT",NA,NA,NA,"DE_TransAlps.SP",300,"SP 1-1-1","Warm",5
NA,NA,"DE_TransAlps.BT",NA,NA,NA,"DE_TransAlps.SP",300,"SP 1-2-2","Warm",5
"Germany/Switzerland","DE_TransAlps","DE_TransAlps.SP",2016,"Yes",0.09,"DE_TransAlps.SP",1850,"SP 1-3-1","Control_Origin",5
NA,NA,"DE_TransAlps.BT",NA,NA,NA,"DE_TransAlps.SP",300,"SP 2-1-1","Warm",5
"Germany/Switzerland","DE_TransAlps","DE_TransAlps.SP",2016,"Yes",0.09,"DE_TransAlps.SP",1850,"SP 2-6-1","Control_Origin",5
"Germany/Switzerland","DE_TransAlps","DE_TransAlps.FP",2016,"Yes",0.09,"DE_TransAlps.FP",2440,"FP 1-1-1","Control_Origin",5
"Germany/Switzerland","DE_TransAlps","DE_TransAlps.FP",2016,"Yes",0.09,"DE_TransAlps.FP",2440,"FP 1-1-2","Control_Origin",5
"Germany/Switzerland","DE_TransAlps","DE_TransAlps.FP",2016,"Yes",0.09,"DE_TransAlps.FP",2440,"FP 1-1-3","Control_Origin",5
"Germany/Switzerland","DE_TransAlps","DE_TransAlps.FP",2016,"Yes",0.09,"DE_TransAlps.FP",2440,"FP 1-1-4","Control_Origin",5
"Germany/Switzerland","DE_TransAlps","DE_TransAlps.FP",2016,"Yes",0.09,"DE_TransAlps.FP",2440,"FP 1-1-5","Control_Origin",5
"Germany/Switzerland","DE_TransAlps","DE_TransAlps.FP",2016,"Yes",0.09,"DE_TransAlps.FP",2440,"FP 1-1-6","Control_Origin",5
"Germany/Switzerland","DE_TransAlps","DE_TransAlps.FP",2016,"Yes",0.09,"DE_TransAlps.FP",2440,"FP 1-1-7","Control_Origin",5
"Germany/Switzerland","DE_TransAlps","DE_TransAlps.FP",2016,"Yes",0.09,"DE_TransAlps.FP",2440,"FP 1-1-8","Control_Origin",5
"Germany/Switzerland","DE_TransAlps","DE_TransAlps.FP",2016,"Yes",0.09,"DE_TransAlps.FP",2440,"FP 1-1-9","Control_Origin",5
NA,NA,"DE_TransAlps.BT",NA,NA,NA,"DE_TransAlps.FP",300,"FP 1-2-2","Warm",5
NA,NA,"DE_TransAlps.BT",NA,NA,NA,"DE_TransAlps.FP",300,"FP 1-2-4","Warm",5
NA,NA,"DE_TransAlps.BT",NA,NA,NA,"DE_TransAlps.FP",300,"FP 1-2-7","Warm",5
NA,NA,"DE_TransAlps.BT",NA,NA,NA,"DE_TransAlps.FP",300,"FP 1-2-8","Warm",5
NA,NA,"DE_TransAlps.BT",NA,NA,NA,"DE_TransAlps.FP",300,"FP 1-2-9","Warm",5
NA,NA,"FR_AlpeHuez.HIGH",NA,NA,NA,"FR_AlpeHuez.HIGH",2072,"HIGH_HIGH_AHF.H.1.1","Control_Origin",4
NA,NA,"FR_AlpeHuez.HIGH",NA,NA,NA,"FR_AlpeHuez.HIGH",2072,"HIGH_HIGH_AHF.H.10.1","Control_Origin",4
NA,NA,"FR_AlpeHuez.HIGH",NA,NA,NA,"FR_AlpeHuez.HIGH",2072,"HIGH_HIGH_AHF.H.2.1","Control_Origin",4
NA,NA,"FR_AlpeHuez.HIGH",NA,NA,NA,"FR_AlpeHuez.HIGH",2072,"HIGH_HIGH_AHF.H.3.1","Control_Origin",4
NA,NA,"FR_AlpeHuez.HIGH",NA,NA,NA,"FR_AlpeHuez.HIGH",2072,"HIGH_HIGH_AHF.H.4.2","Control_Origin",4
NA,NA,"FR_AlpeHuez.HIGH",NA,NA,NA,"FR_AlpeHuez.HIGH",2072,"HIGH_HIGH_AHF.H.5.1","Control_Origin",4
NA,NA,"FR_AlpeHuez.HIGH",NA,NA,NA,"FR_AlpeHuez.HIGH",2072,"HIGH_HIGH_AHF.H.6.1","Control_Origin",4
NA,NA,"FR_AlpeHuez.HIGH",NA,NA,NA,"FR_AlpeHuez.HIGH",2072,"HIGH_HIGH_AHF.H.7.1","Control_Origin",4
NA,NA,"FR_AlpeHuez.HIGH",NA,NA,NA,"FR_AlpeHuez.HIGH",2072,"HIGH_HIGH_AHF.H.8.2","Control_Origin",4
NA,NA,"FR_AlpeHuez.HIGH",NA,NA,NA,"FR_AlpeHuez.HIGH",2072,"HIGH_HIGH_AHF.H.9.1","Control_Origin",4
NA,NA,"FR_AlpeHuez.LOW",NA,NA,NA,"FR_AlpeHuez.HIGH",1481,"HIGH_LOW_AHF.L.1.3","Warm",4
NA,NA,"FR_AlpeHuez.LOW",NA,NA,NA,"FR_AlpeHuez.HIGH",1481,"HIGH_LOW_AHF.L.10.3","Warm",4
NA,NA,"FR_AlpeHuez.LOW",NA,NA,NA,"FR_AlpeHuez.HIGH",1481,"HIGH_LOW_AHF.L.2.1","Warm",4
NA,NA,"FR_AlpeHuez.LOW",NA,NA,NA,"FR_AlpeHuez.HIGH",1481,"HIGH_LOW_AHF.L.3.4","Warm",4
NA,NA,"FR_AlpeHuez.LOW",NA,NA,NA,"FR_AlpeHuez.HIGH",1481,"HIGH_LOW_AHF.L.4.4","Warm",4
NA,NA,"FR_AlpeHuez.LOW",NA,NA,NA,"FR_AlpeHuez.HIGH",1481,"HIGH_LOW_AHF.L.5.4","Warm",4
NA,NA,"FR_AlpeHuez.LOW",NA,NA,NA,"FR_AlpeHuez.HIGH",1481,"HIGH_LOW_AHF.L.6.1","Warm",4
NA,NA,"FR_AlpeHuez.LOW",NA,NA,NA,"FR_AlpeHuez.HIGH",1481,"HIGH_LOW_AHF.L.7.1","Warm",4
NA,NA,"FR_AlpeHuez.LOW",NA,NA,NA,"FR_AlpeHuez.HIGH",1481,"HIGH_LOW_AHF.L.8.2","Warm",4
NA,NA,"FR_AlpeHuez.LOW",NA,NA,NA,"FR_AlpeHuez.HIGH",1481,"HIGH_LOW_AHF.L.9.3","Warm",4
NA,NA,"FR_AlpeHuez.LOW",NA,NA,NA,"FR_AlpeHuez.LOW",1481,"LOW_LOW_AHF.L.1.2","Control_Destination",4
NA,NA,"FR_AlpeHuez.LOW",NA,NA,NA,"FR_AlpeHuez.LOW",1481,"LOW_LOW_AHF.L.10.1","Control_Destination",4
NA,NA,"FR_AlpeHuez.LOW",NA,NA,NA,"FR_AlpeHuez.LOW",1481,"LOW_LOW_AHF.L.2.2","Control_Destination",4
NA,NA,"FR_AlpeHuez.LOW",NA,NA,NA,"FR_AlpeHuez.LOW",1481,"LOW_LOW_AHF.L.3.2","Control_Destination",4
NA,NA,"FR_AlpeHuez.LOW",NA,NA,NA,"FR_AlpeHuez.LOW",1481,"LOW_LOW_AHF.L.4.1","Control_Destination",4
NA,NA,"FR_AlpeHuez.LOW",NA,NA,NA,"FR_AlpeHuez.LOW",1481,"LOW_LOW_AHF.L.5.3","Control_Destination",4
NA,NA,"FR_AlpeHuez.LOW",NA,NA,NA,"FR_AlpeHuez.LOW",1481,"LOW_LOW_AHF.L.6.4","Control_Destination",4
NA,NA,"FR_AlpeHuez.LOW",NA,NA,NA,"FR_AlpeHuez.LOW",1481,"LOW_LOW_AHF.L.7.4","Control_Destination",4
NA,NA,"FR_AlpeHuez.LOW",NA,NA,NA,"FR_AlpeHuez.LOW",1481,"LOW_LOW_AHF.L.8.4","Control_Destination",4
NA,NA,"FR_AlpeHuez.LOW",NA,NA,NA,"FR_AlpeHuez.LOW",1481,"LOW_LOW_AHF.L.9.4","Control_Destination",4
NA,NA,"FR_AlpeHuez.HIGH",NA,NA,NA,"FR_AlpeHuez.HIGH",2072,"HIGH_HIGH_AHF.H.4.3","Control_Origin",4
NA,NA,"SE_Abisko.Low",NA,NA,NA,"SE_Abisko.Low",500,"L27","Control_Destination",4
NA,NA,"SE_Abisko.Low",NA,NA,NA,"SE_Abisko.Mid",500,"M4","Warm",4
NA,NA,"SE_Abisko.Low",NA,NA,NA,"SE_Abisko.Mid",500,"M31","Warm",4
NA,NA,"SE_Abisko.Low",NA,NA,NA,"SE_Abisko.Mid",500,"M48","Warm",4
NA,NA,"SE_Abisko.Low",NA,NA,NA,"SE_Abisko.Mid",500,"M18","Warm",4
NA,NA,"SE_Abisko.Low",NA,NA,NA,"SE_Abisko.Mid",500,"M27","Warm",4
NA,NA,"SE_Abisko.Low",NA,NA,NA,"SE_Abisko.High",500,"H38","Warm",4
"Sweden","SE_Abisko","SE_Abisko.Mid",2012,"Yes",0.0177,"SE_Abisko.Mid",690,"M35","Control_Origin",4
"Sweden","SE_Abisko","SE_Abisko.Mid",2012,"Yes",0.0177,"SE_Abisko.Mid",690,"M44","Control_Origin",4
"Sweden","SE_Abisko","SE_Abisko.Mid",2012,"Yes",0.0177,"SE_Abisko.Mid",690,"M14","Control_Origin",4
"Sweden","SE_Abisko","SE_Abisko.Mid",2012,"Yes",0.0177,"SE_Abisko.Mid",690,"M25","Control_Origin",4
"Sweden","SE_Abisko","SE_Abisko.Mid",2012,"Yes",0.0177,"SE_Abisko.Mid",690,"M5","Control_Origin",4
"Sweden","SE_Abisko","SE_Abisko.Mid",2012,"Yes",0.0177,"SE_Abisko.High",690,"H36","Warm",4
NA,NA,"SE_Abisko.High",NA,NA,NA,"SE_Abisko.High",1000,"H23","Control_Origin",4
NA,NA,"SE_Abisko.High",NA,NA,NA,"SE_Abisko.High",1000,"H16","Control_Origin",4
NA,NA,"SE_Abisko.High",NA,NA,NA,"SE_Abisko.High",1000,"H47","Control_Origin",4
NA,NA,"SE_Abisko.High",NA,NA,NA,"SE_Abisko.High",1000,"H32","Control_Origin",4
NA,NA,"SE_Abisko.High",NA,NA,NA,"SE_Abisko.High",1000,"H3","Control_Origin",4
NA,NA,"SE_Abisko.Low",NA,NA,NA,"SE_Abisko.High",500,"H19","Warm",4
NA,NA,"SE_Abisko.Low",NA,NA,NA,"SE_Abisko.High",500,"H27","Warm",4
NA,NA,"SE_Abisko.Low",NA,NA,NA,"SE_Abisko.High",500,"H45","Warm",4
NA,NA,"SE_Abisko.Low",NA,NA,NA,"SE_Abisko.High",500,"H6","Warm",4
"Sweden","SE_Abisko","SE_Abisko.Mid",2012,"Yes",0.0177,"SE_Abisko.High",690,"H12","Warm",4
"Sweden","SE_Abisko","SE_Abisko.Mid",2012,"Yes",0.0177,"SE_Abisko.High",690,"H25","Warm",4
"Sweden","SE_Abisko","SE_Abisko.Mid",2012,"Yes",0.0177,"SE_Abisko.High",690,"H46","Warm",4
"Sweden","SE_Abisko","SE_Abisko.Mid",2012,"Yes",0.0177,"SE_Abisko.High",690,"H9","Warm",4
NA,NA,"SE_Abisko.Low",NA,NA,NA,"SE_Abisko.Low",500,"L11","Control_Destination",4
NA,NA,"SE_Abisko.Low",NA,NA,NA,"SE_Abisko.Low",500,"L34","Control_Destination",4
NA,NA,"SE_Abisko.Low",NA,NA,NA,"SE_Abisko.Low",500,"L9","Control_Destination",4
NA,NA,"SE_Abisko.Low",NA,NA,NA,"SE_Abisko.Low",500,"L38","Control_Destination",4
"France","FR_Lautaret","FR_Lautaret.G",2017,"Yes",1,"FR_Lautaret.G",2450,"G_G_G_CP 01 _","Control_Origin",4
"France","FR_Lautaret","FR_Lautaret.G",2017,"Yes",1,"FR_Lautaret.G",2450,"G_G_G_CP 02 _","Control_Origin",4
"France","FR_Lautaret","FR_Lautaret.G",2017,"Yes",1,"FR_Lautaret.G",2450,"G_G_G_CP 03 _","Control_Origin",4
"France","FR_Lautaret","FR_Lautaret.G",2017,"Yes",1,"FR_Lautaret.G",2450,"G_G_G_CP 04 _","Control_Origin",4
"France","FR_Lautaret","FR_Lautaret.G",2017,"Yes",1,"FR_Lautaret.G",2450,"G_G_G_CP 05 _","Control_Origin",4
"France","FR_Lautaret","FR_Lautaret.G",2017,"Yes",1,"FR_Lautaret.G",2450,"G_G_G_CP 06 _","Control_Origin",4
"France","FR_Lautaret","FR_Lautaret.G",2017,"Yes",1,"FR_Lautaret.G",2450,"G_G_G_CP 07 _","Control_Origin",4
"France","FR_Lautaret","FR_Lautaret.G",2017,"Yes",1,"FR_Lautaret.G",2450,"G_G_G_CP 08 _","Control_Origin",4
"France","FR_Lautaret","FR_Lautaret.G",2017,"Yes",1,"FR_Lautaret.G",2450,"G_G_G_CP 09 _","Control_Origin",4
"France","FR_Lautaret","FR_Lautaret.G",2017,"Yes",1,"FR_Lautaret.G",2450,"G_G_G_CP 10 _","Control_Origin",4
NA,NA,"FR_Lautaret.L",NA,NA,NA,"FR_Lautaret.G",1950,"G_L_L_TP 01 _","Warm",4
NA,NA,"FR_Lautaret.L",NA,NA,NA,"FR_Lautaret.G",1950,"G_L_L_TP 02 _","Warm",4
NA,NA,"FR_Lautaret.L",NA,NA,NA,"FR_Lautaret.G",1950,"G_L_L_TP 03 _","Warm",4
NA,NA,"FR_Lautaret.L",NA,NA,NA,"FR_Lautaret.G",1950,"G_L_L_TP 04 _","Warm",4
NA,NA,"FR_Lautaret.L",NA,NA,NA,"FR_Lautaret.G",1950,"G_L_L_TP 05 _","Warm",4
NA,NA,"FR_Lautaret.L",NA,NA,NA,"FR_Lautaret.G",1950,"G_L_L_TP 06 _","Warm",4
NA,NA,"FR_Lautaret.L",NA,NA,NA,"FR_Lautaret.G",1950,"G_L_L_TP 07 _","Warm",4
NA,NA,"FR_Lautaret.L",NA,NA,NA,"FR_Lautaret.G",1950,"G_L_L_TP 08 _","Warm",4
NA,NA,"FR_Lautaret.L",NA,NA,NA,"FR_Lautaret.G",1950,"G_L_L_TP 09 _","Warm",4
NA,NA,"FR_Lautaret.L",NA,NA,NA,"FR_Lautaret.G",1950,"G_L_L_TP 10 _","Warm",4
NA,NA,"FR_Lautaret.L",NA,NA,NA,"FR_Lautaret.L",1950,"L_L_L_CP 01 _","Control_Destination",4
NA,NA,"FR_Lautaret.L",NA,NA,NA,"FR_Lautaret.L",1950,"L_L_L_CP 02 _","Control_Destination",4
NA,NA,"FR_Lautaret.L",NA,NA,NA,"FR_Lautaret.L",1950,"L_L_L_CP 03 _","Control_Destination",4
NA,NA,"FR_Lautaret.L",NA,NA,NA,"FR_Lautaret.L",1950,"L_L_L_CP 04 _","Control_Destination",4
NA,NA,"FR_Lautaret.L",NA,NA,NA,"FR_Lautaret.L",1950,"L_L_L_CP 05 _","Control_Destination",4
NA,NA,"FR_Lautaret.L",NA,NA,NA,"FR_Lautaret.L",1950,"L_L_L_CP 06 _","Control_Destination",4
NA,NA,"FR_Lautaret.L",NA,NA,NA,"FR_Lautaret.L",1950,"L_L_L_CP 07 _","Control_Destination",4
NA,NA,"FR_Lautaret.L",NA,NA,NA,"FR_Lautaret.L",1950,"L_L_L_CP 08 _","Control_Destination",4
NA,NA,"FR_Lautaret.L",NA,NA,NA,"FR_Lautaret.L",1950,"L_L_L_CP 09 _","Control_Destination",4
NA,NA,"FR_Lautaret.L",NA,NA,NA,"FR_Lautaret.L",1950,"L_L_L_CP 10 _","Control_Destination",4
"Italy","IT_MatschMazia1","IT_MatschMazia1.Low",2010,"Yes",0.25,"IT_MatschMazia1.Low",1000,"B1_L1","Control_Destination",4
"Italy","IT_MatschMazia1","IT_MatschMazia1.Low",2010,"Yes",0.25,"IT_MatschMazia1.Low",1000,"B1_L2","Control_Destination",4
"Italy","IT_MatschMazia1","IT_MatschMazia1.Low",2010,"Yes",0.25,"IT_MatschMazia1.Low",1000,"B1_L3","Control_Destination",4
"Italy","IT_MatschMazia1","IT_MatschMazia1.Low",2010,"Yes",0.25,"IT_MatschMazia1.High",1000,"B1_T1","Warm",4
"Italy","IT_MatschMazia1","IT_MatschMazia1.Low",2010,"Yes",0.25,"IT_MatschMazia1.High",1000,"B1_T2","Warm",4
"Italy","IT_MatschMazia1","IT_MatschMazia1.Low",2010,"Yes",0.25,"IT_MatschMazia1.High",1000,"B1_T3","Warm",4
"Italy","IT_MatschMazia1","IT_MatschMazia1.High",2010,"Yes",0.25,"IT_MatschMazia1.High",1500,"B2_Lst1","Control_Origin",4
"Italy","IT_MatschMazia1","IT_MatschMazia1.High",2010,"Yes",0.25,"IT_MatschMazia1.High",1500,"B2_Lst1","Control_Origin",4
"Italy","IT_MatschMazia1","IT_MatschMazia1.High",2010,"Yes",0.25,"IT_MatschMazia1.High",1500,"B2_Lst2","Control_Origin",4
"Italy","IT_MatschMazia1","IT_MatschMazia1.High",2010,"Yes",0.25,"IT_MatschMazia1.High",1500,"B2_Lst2","Control_Origin",4
"Italy","IT_MatschMazia1","IT_MatschMazia1.High",2010,"Yes",0.25,"IT_MatschMazia1.High",1500,"B2_Lst3","Control_Origin",4
"Italy","IT_MatschMazia1","IT_MatschMazia1.High",2010,"Yes",0.25,"IT_MatschMazia1.High",1500,"B2_Lst3","Control_Origin",4
"Italy","IT_MatschMazia1","IT_MatschMazia1.High",2010,"Yes",0.25,"IT_MatschMazia1.High",1500,"B2_Lsn1","Control_Origin",4
"Italy","IT_MatschMazia1","IT_MatschMazia1.High",2010,"Yes",0.25,"IT_MatschMazia1.High",1500,"B2_Lsn1","Control_Origin",4
"Italy","IT_MatschMazia1","IT_MatschMazia1.High",2010,"Yes",0.25,"IT_MatschMazia1.High",1500,"B2_Lsn2","Control_Origin",4
"Italy","IT_MatschMazia1","IT_MatschMazia1.High",2010,"Yes",0.25,"IT_MatschMazia1.High",1500,"B2_Lsn2","Control_Origin",4
"Italy","IT_MatschMazia1","IT_MatschMazia1.High",2010,"Yes",0.25,"IT_MatschMazia1.High",1500,"B2_Lsn3","Control_Origin",4
"Italy","IT_MatschMazia1","IT_MatschMazia1.High",2010,"Yes",0.25,"IT_MatschMazia1.High",1500,"B2_Lsn3","Control_Origin",4
"Italy","IT_MatschMazia1","IT_MatschMazia1.High",2010,"Yes",0.25,"IT_MatschMazia1.High",1500,"B2_L1","Control_Origin",4
"Italy","IT_MatschMazia1","IT_MatschMazia1.High",2010,"Yes",0.25,"IT_MatschMazia1.High",1500,"B2_L1","Control_Origin",4
"Italy","IT_MatschMazia1","IT_MatschMazia1.High",2010,"Yes",0.25,"IT_MatschMazia1.High",1500,"B2_L2","Control_Origin",4
"Italy","IT_MatschMazia1","IT_MatschMazia1.High",2010,"Yes",0.25,"IT_MatschMazia1.High",1500,"B2_L2","Control_Origin",4
"Italy","IT_MatschMazia1","IT_MatschMazia1.High",2010,"Yes",0.25,"IT_MatschMazia1.High",1500,"B2_L3","Control_Origin",4
"Italy","IT_MatschMazia1","IT_MatschMazia1.High",2010,"Yes",0.25,"IT_MatschMazia1.High",1500,"B2_L3","Control_Origin",4
NA,NA,"IT_MatschMazia2.Low",NA,NA,NA,"IT_MatschMazia2.High",1500,"B2_Tst1","Warm",4
NA,NA,"IT_MatschMazia2.Low",NA,NA,NA,"IT_MatschMazia2.High",1500,"B2_Tst3","Warm",4
NA,NA,"IT_MatschMazia2.Low",NA,NA,NA,"IT_MatschMazia2.High",1500,"B2_Tsn1","Warm",4
NA,NA,"IT_MatschMazia2.Low",NA,NA,NA,"IT_MatschMazia2.High",1500,"B2_Tsn2","Warm",4
NA,NA,"IT_MatschMazia2.Low",NA,NA,NA,"IT_MatschMazia2.High",1500,"B2_Tsn3","Warm",4
NA,NA,"IT_MatschMazia2.Low",NA,NA,NA,"IT_MatschMazia2.High",1500,"B2_T1","Warm",4
NA,NA,"IT_MatschMazia2.Low",NA,NA,NA,"IT_MatschMazia2.High",1500,"B2_T2","Warm",4
NA,NA,"IT_MatschMazia2.High",NA,NA,NA,"IT_MatschMazia2.High",1950,"B3_L1","Control_Origin",4
NA,NA,"IT_MatschMazia2.High",NA,NA,NA,"IT_MatschMazia2.High",1950,"B3_L2","Control_Origin",4
NA,NA,"IT_MatschMazia2.High",NA,NA,NA,"IT_MatschMazia2.High",1950,"B3_L3","Control_Origin",4
NA,NA,"IT_MatschMazia2.Low",NA,NA,NA,"IT_MatschMazia2.High",1500,"B2_Tst2","Warm",4
NA,NA,"IT_MatschMazia2.Low",NA,NA,NA,"IT_MatschMazia2.High",1500,"B2_T3","Warm",4
