"Species_name","Species","Genus","Family","Leaf_area_mm2","Leaf_N_mgg.1","LMA_gm.2","Max_height_m","Seed_mass_mg","SSD_mgmm.3","LDMC_gg.1"
"Acer pseudoplatanus","Acer pseudoplatanus","Acer","Sapindaceae",8456.57,23.626,72.118,24.463,64.607,0.563,NA
"Achillea millefolium","Achillea millefolium","Achillea","Asteraceae",627.23,20.548,72.415,0.313,0.143,0.231,NA
"Acinos alpinus","Acinos alpinus","Acinos","Lamiaceae",76.63,16.1,67.864,0.171,1.6,0.265,0.323
"Actaea rubra","Actaea rubra","Actaea","Ranunculaceae",1252.29,18.8,25.219,1,10.685,NA,NA
"Aegopodium podagraria","Aegopodium podagraria","Aegopodium","Apiaceae",2761.61,27.494,35.335,0.621,2.224,0.1,NA
"Agastache urticifolia","Agastache urticifolia","Agastache","Lamiaceae",1722.16,NA,NA,1.52,0.375,NA,NA
"Agoseris aurantiaca","Agoseris aurantiaca","Agoseris","Asteraceae",1020.86,NA,NA,0.3,0.935,NA,NA
"Agoseris glauca","Agoseris glauca","Agoseris","Asteraceae",520,17.17,50.251,0.182,1.152,0.172,NA
"Agropyron cristatum","Agropyron cristatum","Agropyron","Poaceae",167.75,15.25,111.902,0.429,2.829,0.388,0.434
"Agrostis capillaris","Agrostis capillaris","Agrostis","Poaceae",167.15,22.561,35.547,0.267,0.059,0.239,NA
"Agrostis gigantea","Agrostis gigantea","Agrostis","Poaceae",153.45,NA,56.677,0.734,0.078,0.216,0.24
"Agrostis mertensii","Agrostis mertensii","Agrostis","Poaceae",55.91,NA,44.388,0.107,0.126,0.287,0.32
"Agrostis rupestris","Agrostis rupestris","Agrostis","Poaceae",30.64,16.598,70.847,0.047,NA,0.28,0.313
"Agrostis stolonifera","Agrostis stolonifera","Agrostis","Poaceae",234.16,29.166,31.666,0.365,0.04,0.241,NA
"Ajuga pyramidalis","Ajuga pyramidalis","Ajuga","Lamiaceae",753,NA,54.772,0.164,1.404,0.219,0.235
"Ajuga reptans","Ajuga reptans","Ajuga","Lamiaceae",NA,19.723,30.957,0.16,1.386,0.168,NA
"Alchemilla acutiloba","Alchemilla acutiloba","Alchemilla","Rosaceae",NA,NA,NA,0.65,0.37,NA,NA
"Alchemilla alpina","Alchemilla alpina","Alchemilla","Rosaceae",312.24,NA,70.029,0.102,0.304,0.257,0.308
"Alchemilla conjuncta","Alchemilla conjuncta","Alchemilla","Rosaceae",NA,NA,NA,0.121,NA,NA,NA
"Alchemilla fissa","Alchemilla fissa","Alchemilla","Rosaceae",NA,NA,46.729,0.161,NA,NA,NA
"Alchemilla monticola","Alchemilla monticola","Alchemilla","Rosaceae",2594.75,25.1,56.051,0.156,0.439,0.163,NA
"Alchemilla pentaphyllea","Alchemilla pentaphyllea","Alchemilla","Rosaceae",175.33,37.43,52.657,0.067,NA,0.229,0.252
"Alchemilla xanthochlora","Alchemilla xanthochlora","Alchemilla","Rosaceae",5234.06,26.775,48.962,0.279,0.3,0.226,0.249
"Allium carinatum","Allium carinatum","Allium","Amaryllidaceae",1280,22.76,47.505,0.357,1.226,0.1,0.11
"Alopecurus aequalis","Alopecurus aequalis","Alopecurus","Poaceae",341.75,NA,40.75,0.206,0.209,0.154,0.17
"Alopecurus magellanicus","Alopecurus magellanicus","Alopecurus","Poaceae",316,NA,NA,0.372,NA,NA,NA
"Alopecurus pratensis","Alopecurus pratensis","Alopecurus","Poaceae",1156.15,23.824,39.355,0.597,0.787,0.432,NA
"Amaranthus powellii","Amaranthus powellii","Amaranthus","Amaranthaceae",NA,NA,NA,0.493,0.43,NA,NA
"Anaphalis margaritacea","Anaphalis margaritacea","Anaphalis","Asteraceae",1465.02,17.764,69.518,0.634,0.045,0.251,0.296
"Androsace adfinis","Androsace adfinis","Androsace","Primulaceae",NA,NA,NA,0.036,NA,NA,NA
"Androsace chamaejasme","Androsace chamaejasme","Androsace","Primulaceae",NA,NA,NA,0.022,0.59,NA,NA
"Androsace obtusifolia","Androsace obtusifolia","Androsace","Primulaceae",28.82,NA,26.819,0.039,0.73,0.202,0.203
"Androsace occidentalis","Androsace occidentalis","Androsace","Primulaceae",NA,NA,NA,NA,0.21,NA,NA
"Androsace septentrionalis","Androsace septentrionalis","Androsace","Primulaceae",17.96,19.49,41.568,0.047,0.162,0.177,0.154
"Anemone cathayensis","Anemone cathayensis","Anemone","Ranunculaceae",NA,30.7,56.306,NA,NA,NA,NA
"Anemone narcissiflora","Anemone narcissiflora","Anemone","Ranunculaceae",NA,NA,NA,0.222,5.7,NA,NA
"Angelica archangelica","Angelica archangelica","Angelica","Apiaceae",3006.4,30.227,53.861,1.214,4.087,0.19,0.18
"Antennaria carpatica","Antennaria carpatica","Antennaria","Asteraceae",19,NA,62.765,0.088,0.08,0.253,0.3
"Antennaria dioica","Antennaria dioica","Antennaria","Asteraceae",68.03,14.001,58.229,0.115,0.047,0.24,0.276
"Antennaria microphylla","Antennaria microphylla","Antennaria","Asteraceae",NA,NA,NA,0.3,0.05,NA,NA
"Antennaria racemosa","Antennaria racemosa","Antennaria","Asteraceae",NA,NA,NA,NA,0.18,NA,NA
"Antennaria rosea","Antennaria rosea","Antennaria","Asteraceae",NA,NA,NA,0.05,0.065,NA,NA
"Anthoxanthum odoratum","Anthoxanthum odoratum","Anthoxanthum","Poaceae",341.58,19.624,43.628,0.229,0.395,0.2,NA
"Anthriscus sylvestris","Anthriscus sylvestris","Anthriscus","Apiaceae",720.62,27.966,32.749,0.836,4.119,0.205,0.208
"Anthyllis vulneraria","Anthyllis vulneraria","Anthyllis","Fabaceae",182.18,28.98,65.641,0.133,5.821,0.189,0.204
"Aquilegia caerulea","Aquilegia caerulea","Aquilegia","Ranunculaceae",286.22,NA,52.993,0.351,1.045,NA,NA
"Arabis ciliata","Arabis ciliata","Arabis","Brassicaceae",NA,NA,NA,0.112,0.28,NA,NA
"Arabis hirsuta","Arabis hirsuta","Arabis","Brassicaceae",177.46,20,42.899,0.372,0.091,0.18,0.16
"Arctous alpina","Arctous alpina","Arctous","Ericaceae",219,16.366,93.161,NA,NA,NA,NA
"Arenaria ciliata","Arenaria ciliata","Arenaria","Caryophyllaceae",3,NA,NA,0.055,NA,NA,NA
"Arenaria kansuensis","Arenaria kansuensis","Arenaria","Caryophyllaceae",NA,16.8,130.039,NA,NA,NA,NA
"Arenaria serpyllifolia","Arenaria serpyllifolia","Arenaria","Caryophyllaceae",7.33,13.953,50.149,0.102,0.067,0.12,NA
"Aristida purpurea","Aristida purpurea","Aristida","Poaceae",20,9.88,153.846,0.171,1.059,0.385,NA
"Arnica angustifolia","Arnica angustifolia","Arnica","Asteraceae",NA,NA,NA,0.05,NA,NA,NA
"Arnica cordifolia","Arnica cordifolia","Arnica","Asteraceae",1283.83,NA,56.006,0.45,1.484,NA,NA
"Arnica latifolia","Arnica latifolia","Arnica","Asteraceae",1471.4,NA,NA,0.6,0.975,NA,NA
"Arnica montana","Arnica montana","Arnica","Asteraceae",1601.5,17.906,54.336,0.303,1.67,0.159,0.12
"Arrhenatherum elatius","Arrhenatherum elatius","Arrhenatherum","Poaceae",856.74,31.342,36.071,0.798,2.738,0.173,NA
"Artemisia tridentata","Artemisia tridentata","Artemisia","Asteraceae",37.72,15.176,126.477,1.807,0.619,NA,NA
"Asparagus officinalis","Asparagus officinalis","Asparagus","Asparagaceae",13.24,NA,96.699,0.783,20.592,0.247,0.275
"Aster alpinus","Aster alpinus","Aster","Asteraceae",164.63,28.4,61.463,0.074,0.513,0.237,0.27
"Aster tataricus","Aster tataricus","Aster","Asteraceae",NA,22.149,NA,NA,NA,NA,NA
"Astragalus alpinus","Astragalus alpinus","Astragalus","Fabaceae",24.46,46.121,40.564,0.088,2.15,0.172,0.18
"Astragalus australis","Astragalus australis","Astragalus","Fabaceae",NA,NA,NA,0.144,3.11,NA,NA
"Astragalus danicus","Astragalus danicus","Astragalus","Fabaceae",13.55,NA,46.115,0.131,1.349,0.214,0.24
"Astragalus frigidus","Astragalus frigidus","Astragalus","Fabaceae",196.13,54.268,43.151,0.203,NA,0.172,0.18
"Astragalus trimestris","Astragalus trimestris","Astragalus","Fabaceae",NA,NA,NA,NA,5.16,NA,NA
"Astrantia major","Astrantia major","Astrantia","Apiaceae",9997.83,35.35,42.263,0.437,3.167,0.094,NA
"Astrantia minor","Astrantia minor","Astrantia","Apiaceae",NA,NA,NA,0.288,NA,NA,NA
"Barbarea vulgaris","Barbarea vulgaris","Barbarea","Brassicaceae",1271.27,NA,33.793,0.499,0.6,0.179,0.158
"Bartsia alpina","Bartsia alpina","Bartsia","Orobanchaceae",185.88,20.522,60.383,0.157,0.292,0.195,0.19
"Bellis perennis","Bellis perennis","Bellis","Asteraceae",358.55,25.006,33.088,0.053,0.121,0.103,NA
"Berberis repens","Berberis repens","Berberis","Berberidaceae",1268.74,NA,87.63,0.6,7.415,NA,NA
"Betula nana","Betula nana","Betula","Betulaceae",51.78,22.686,78.983,0.395,0.221,NA,NA
"Betula pubescens","Betula pubescens","Betula","Betulaceae",1327.98,18.86,71.448,12.589,0.205,0.519,NA
"Biscutella laevigata","Biscutella laevigata","Biscutella","Brassicaceae",877.94,30.95,52.657,0.22,4.315,0.158,0.119
"Boechera stricta","Boechera stricta","Boechera","Brassicaceae",NA,NA,NA,0.675,0.145,NA,NA
"Botrychium lunaria","Botrychium lunaria","Botrychium","Ophioglossaceae",374.31,32.78,48.625,0.166,0,NA,NA
"Brachypodium pinnatum","Brachypodium pinnatum","Brachypodium","Poaceae",1241.14,20.754,40.035,0.534,2.701,0.302,0.364
"Briza media","Briza media","Briza","Poaceae",292.35,17.689,46.233,0.36,0.371,0.28,NA
"Bromus carinatus","Bromus carinatus","Bromus","Poaceae",1716,NA,NA,1.205,5.908,0.209,0.233
"Bromus erectus","Bromus erectus","Bromus","Poaceae",482.06,16.272,58.252,0.623,3.914,0.353,NA
"Bromus hordeaceus","Bromus hordeaceus","Bromus","Poaceae",175.18,25.027,45.608,0.219,2.055,0.235,NA
"Bromus inermis","Bromus inermis","Bromus","Poaceae",1111.67,20.285,53.64,0.877,2.887,0.304,0.34
"Bromus tectorum","Bromus tectorum","Bromus","Poaceae",288.69,21.773,38.993,0.367,3.147,0.307,NA
"Bupleurum falcatum","Bupleurum falcatum","Bupleurum","Apiaceae",741.16,16.269,53.222,0.542,2.913,0.239,0.273
"Bupleurum ranunculoides","Bupleurum ranunculoides","Bupleurum","Apiaceae",341.83,20.218,100.813,0.238,1.55,0.263,0.318
"Calamagrostis lapponica","Calamagrostis lapponica","Calamagrostis","Poaceae",451.67,12.325,44.474,0.15,NA,0.269,0.3
"Calamagrostis rubescens","Calamagrostis rubescens","Calamagrostis","Poaceae",NA,NA,NA,0.91,0.17,NA,NA
"Calluna vulgaris","Calluna vulgaris","Calluna","Ericaceae",1.4,13.16,84.376,0.447,0.027,0.472,NA
"Caltha palustris","Caltha palustris","Caltha","Ranunculaceae",6216.07,34.581,36.243,0.248,1.012,0.163,0.128
"Campanula barbata","Campanula barbata","Campanula","Campanulaceae",272.41,19.017,49.9,0.206,0.05,0.212,0.222
"Campanula rapunculoides","Campanula rapunculoides","Campanula","Campanulaceae",1966.9,NA,21.046,0.481,0.134,0.166,0.134
"Campanula rhomboidalis","Campanula rhomboidalis","Campanula","Campanulaceae",NA,25.9,38.82,0.374,0.1,0.237,0.27
"Campanula rotundifolia","Campanula rotundifolia","Campanula","Campanulaceae",62.67,19.698,44.405,0.227,0.055,0.388,NA
"Campanula scheuchzeri","Campanula scheuchzeri","Campanula","Campanulaceae",50.97,34.119,59.816,0.17,0.121,0.219,0.234
"Capsella bursa-pastoris","Capsella bursa-pastoris","Capsella","Brassicaceae",511.7,37.567,35.251,0.185,0.116,0.312,NA
"Cardamine hirsuta","Cardamine hirsuta","Cardamine","Brassicaceae",322.02,17.86,35.96,0.121,0.108,0.157,0.117
"Cardamine pratensis","Cardamine pratensis","Cardamine","Brassicaceae",507.23,NA,48.991,0.293,0.596,0.188,0.177
"Carduus acanthoides","Carduus acanthoides","Carduus","Asteraceae",4651.8,45.26,54.386,0.766,2.199,0.162,0.126
"Carduus crispus","Carduus crispus","Carduus","Asteraceae",5082,NA,43.606,0.98,1.384,0.164,0.13
"Carduus defloratus","Carduus defloratus","Carduus","Asteraceae",3453,18.43,78.219,0.453,2.49,0.185,0.17
"Carex atrata","Carex atrata","Carex","Cyperaceae",519.29,25.826,54.423,0.22,0.528,0.27,0.301
"Carex atrofusca","Carex atrofusca","Carex","Cyperaceae",116.24,19.37,46.417,0.124,0.49,0.27,0.301
"Carex bigelowii","Carex bigelowii","Carex","Cyperaceae",418.68,20.175,70.683,0.134,0.537,0.333,0.372
"Carex capillaris","Carex capillaris","Carex","Cyperaceae",30.58,NA,78.125,0.15,0.592,0.322,0.36
"Carex caryophyllea","Carex caryophyllea","Carex","Cyperaceae",205.87,19.954,48.945,0.13,1.012,0.166,NA
"Carex curvula","Carex curvula","Carex","Cyperaceae",77.23,11.879,108.267,0.123,2.079,0.485,0.543
"Carex digitata","Carex digitata","Carex","Cyperaceae",469.46,20,34.772,0.204,1.328,0.279,0.311
"Carex dioica","Carex dioica","Carex","Cyperaceae",26.45,NA,80.956,0.145,0.546,0.327,0.365
"Carex echinata","Carex echinata","Carex","Cyperaceae",184.58,NA,71.611,0.255,0.759,0.325,0.362
"Carex ferruginea","Carex ferruginea","Carex","Cyperaceae",NA,NA,67.853,0.433,1.02,0.272,0.303
"Carex flacca","Carex flacca","Carex","Cyperaceae",585.76,16.444,64.261,0.258,0.841,0.205,NA
"Carex flava","Carex flava","Carex","Cyperaceae",331,11.295,45.496,0.202,1.024,0.216,0.24
"Carex foetida","Carex foetida","Carex","Cyperaceae",NA,NA,55.545,0.138,0.45,0.256,0.286
"Carex geyeri","Carex geyeri","Carex","Cyperaceae",NA,NA,NA,0.45,4.95,NA,NA
"Carex lachenalii","Carex lachenalii","Carex","Cyperaceae",32,NA,NA,0.144,0.361,NA,NA
"Carex leporina","Carex leporina","Carex","Cyperaceae",316,NA,43.667,0.345,0.562,0.289,0.322
"Carex montana","Carex montana","Carex","Cyperaceae",276.94,16.906,56.959,0.173,0.672,0.294,0.328
"Carex nigra","Carex nigra","Carex","Cyperaceae",466.86,19.654,44.224,0.165,0.74,0.316,NA
"Carex norvegica","Carex norvegica","Carex","Cyperaceae",95.05,NA,30.297,0.122,0.29,0.334,0.373
"Carex nubigena","Carex nubigena","Carex","Cyperaceae",NA,NA,NA,NA,0.19,NA,NA
"Carex ornithopoda","Carex ornithopoda","Carex","Cyperaceae",607.75,NA,44.991,0.069,0.833,0.274,0.306
"Carex pallescens","Carex pallescens","Carex","Cyperaceae",2168.1,16.647,48.338,0.477,1.1,0.304,NA
"Carex panicea","Carex panicea","Carex","Cyperaceae",597.03,17.402,50.128,0.275,1.912,0.298,NA
"Carex parviflora","Carex parviflora","Carex","Cyperaceae",NA,NA,NA,0.077,1.02,NA,NA
"Carex phaeocephala","Carex phaeocephala","Carex","Cyperaceae",NA,NA,NA,NA,1.46,NA,NA
"Carex pilulifera","Carex pilulifera","Carex","Cyperaceae",266.34,24.704,43.889,0.185,1.126,0.285,NA
"Carex pulicaris","Carex pulicaris","Carex","Cyperaceae",106.07,NA,110.395,0.138,1.472,0.312,0.348
"Carex rupestris","Carex rupestris","Carex","Cyperaceae",31.05,15.65,83.403,0.076,NA,0.313,0.35
"Carex saxatilis","Carex saxatilis","Carex","Cyperaceae",315.57,28.977,87.451,0.167,0.681,0.295,0.329
"Carex sempervirens","Carex sempervirens","Carex","Cyperaceae",344.32,16.463,78.183,0.206,0.896,0.32,NA
"Carex spicata","Carex spicata","Carex","Cyperaceae",322.44,NA,53.104,0.352,2.285,0.205,0.228
"Carex sylvatica","Carex sylvatica","Carex","Cyperaceae",677,21.8,38.318,0.451,1.549,0.266,0.297
"Carex vaginata","Carex vaginata","Carex","Cyperaceae",356.18,17.603,46.471,0.516,1.901,0.308,0.344
"Carlina acaulis","Carlina acaulis","Carlina","Asteraceae",3989,18.34,89.488,0.142,3.665,0.185,0.17
"Carum carvi","Carum carvi","Carum","Apiaceae",1254.93,29.027,45.045,0.438,2.191,0.21,0.217
"Centaurea jacea","Centaurea jacea","Centaurea","Asteraceae",787.11,24.674,49.923,0.482,1.41,0.341,NA
"Centaurea nigra","Centaurea nigra","Centaurea","Asteraceae",1025.3,24.571,48.3,0.497,2.526,0.2,0.198
"Centaurea phrygia","Centaurea phrygia","Centaurea","Asteraceae",4746.27,NA,32.599,0.403,NA,0.169,0.14
"Centaurea scabiosa","Centaurea scabiosa","Centaurea","Asteraceae",4984.86,22.3,55.228,0.684,6.299,0.195,0.19
"Centaurea uniflora","Centaurea uniflora","Centaurea","Asteraceae",NA,24.5,61.843,0.251,3.6,0.312,NA
"Cerastium alpinum","Cerastium alpinum","Cerastium","Caryophyllaceae",40.72,NA,36.83,0.124,0.274,0.201,0.2
"Cerastium arvense","Cerastium arvense","Cerastium","Caryophyllaceae",26.65,29.158,50.696,0.084,0.183,0.213,NA
"Cerastium cerastoides","Cerastium cerastoides","Cerastium","Caryophyllaceae",13.54,34.74,39.395,0.053,0.152,0.2,0.2
"Cerastium fontanum","Cerastium fontanum","Cerastium","Caryophyllaceae",109.55,19.622,35.97,0.167,0.104,0.204,NA
"Chaerophyllum hirsutum","Chaerophyllum hirsutum","Chaerophyllum","Apiaceae",19416.6,25.932,48.199,0.591,4.759,0.234,NA
"Chaerophyllum villarsii","Chaerophyllum villarsii","Chaerophyllum","Apiaceae",NA,NA,NA,0.528,NA,NA,NA
"Chamorchis alpina","Chamorchis alpina","Chamorchis","Orchidaceae",NA,NA,NA,0.07,NA,NA,NA
"Chenopodium album","Chenopodium album","Chenopodium","Amaranthaceae",644.62,35.849,49.124,0.561,0.592,0.189,0.178
"Chenopodium fremontii","Chenopodium fremontii","Chenopodium","Amaranthaceae",630,32.04,48.309,0.54,0.373,0.304,NA
"Chenopodium leptophyllum","Chenopodium leptophyllum","Chenopodium","Amaranthaceae",NA,NA,NA,0.7,0.465,NA,NA
"Cichorium intybus","Cichorium intybus","Cichorium","Asteraceae",1864.16,26.61,53.071,0.672,1.17,0.187,0.173
"Cirsium acaule","Cirsium acaule","Cirsium","Asteraceae",2119.95,15,81.481,0.093,3.225,0.182,0.165
"Cirsium arvense","Cirsium arvense","Cirsium","Asteraceae",5570.16,24.722,41.83,0.653,1.66,0.072,NA
"Cirsium oleraceum","Cirsium oleraceum","Cirsium","Asteraceae",3107.25,37.14,35.268,0.882,2.609,0.169,0.14
"Cirsium palustre","Cirsium palustre","Cirsium","Asteraceae",3355.24,17.249,52.5,0.802,2.073,0.09,NA
"Cirsium vulgare","Cirsium vulgare","Cirsium","Asteraceae",6798.49,17.26,70.623,0.922,2.64,0.165,0.131
"Claytonia lanceolata","Claytonia lanceolata","Claytonia","Montiaceae",76.72,NA,NA,NA,1.11,NA,NA
"Clinopodium alpinum","Clinopodium alpinum","Clinopodium","Lamiaceae",NA,16.28,59.277,0.13,NA,NA,NA
"Clinopodium vulgare","Clinopodium vulgare","Clinopodium","Lamiaceae",343.27,16.097,36.991,0.357,0.35,0.238,NA
"Colchicum autumnale","Colchicum autumnale","Colchicum","Colchicaceae",5411.05,NA,45.641,0.179,5.974,0.118,0.13
"Collomia grandiflora","Collomia grandiflora","Collomia","Polemoniaceae",NA,NA,NA,0.406,3.447,NA,NA
"Collomia linearis","Collomia linearis","Collomia","Polemoniaceae",72.79,NA,NA,0.179,1.066,NA,NA
"Comastoma tenellum","Comastoma tenellum","Comastoma","Gentianaceae",NA,NA,NA,0.038,NA,NA,NA
"Conium maculatum","Conium maculatum","Conium","Apiaceae",7195.55,46.28,34.031,1.222,2.585,0.203,0.204
"Convolvulus arvensis","Convolvulus arvensis","Convolvulus","Convolvulaceae",670.88,33.674,37.085,0.299,13.376,0.192,NA
"Corydalis pallida","Corydalis pallida","Corydalis","Papaveraceae",NA,28.022,27.935,0.3,1.04,NA,NA
"Crepis aurea","Crepis aurea","Crepis","Asteraceae",NA,NA,NA,0.072,0.49,NA,NA
"Crepis biennis","Crepis biennis","Crepis","Asteraceae",6059.66,25.5,32.97,0.659,1.072,0.16,0.123
"Crepis conyzifolia","Crepis conyzifolia","Crepis","Asteraceae",NA,23.847,45.363,0.257,2.795,0.222,0.24
"Crepis paludosa","Crepis paludosa","Crepis","Asteraceae",2260,26.252,26.676,0.555,0.585,0.169,0.14
"Crepis pyrenaica","Crepis pyrenaica","Crepis","Asteraceae",3049.25,26.3,33.215,0.401,2.493,0.243,NA
"Crocus vernus","Crocus vernus","Crocus","Iridaceae",NA,35.765,60.277,0.088,8,NA,NA
"Cryptogramma crispa","Cryptogramma crispa","Cryptogramma","Pteridaceae",7,NA,49.064,0.215,0,NA,NA
"Cuscuta epithymum","Cuscuta epithymum","Cuscuta","Convolvulaceae",NA,NA,NA,0.446,0.35,NA,NA
"Cynodon dactylon","Cynodon dactylon","Cynodon","Poaceae",85.27,28.789,38.287,0.181,0.172,0.237,NA
"Cynoglossum officinale","Cynoglossum officinale","Cynoglossum","Boraginaceae",2227.34,NA,47.069,0.474,28.966,0.169,0.139
"Cynosurus cristatus","Cynosurus cristatus","Cynosurus","Poaceae",346.37,21.671,40.828,0.422,0.516,0.223,0.248
"Cystopteris fragilis","Cystopteris fragilis","Cystopteris","Cystopteridaceae",1970,30.897,NA,0.242,0,NA,NA
"Dactylis glomerata","Dactylis glomerata","Dactylis","Poaceae",1457.46,20.996,44.327,0.691,0.808,0.251,NA
"Dactylorhiza viridis","Dactylorhiza viridis","Dactylorhiza","Orchidaceae",443.98,33.84,47.122,0.153,NA,0.137,0.151
"Danthonia decumbens","Danthonia decumbens","Danthonia","Poaceae",417.23,16.872,61.586,0.221,1.036,0.262,NA
"Daphne striata","Daphne striata","Daphne","Thymelaeaceae",26.05,NA,63.205,0.197,35,NA,NA
"Dasiphora fruticosa","Dasiphora fruticosa","Dasiphora","Rosaceae",152.07,22.823,78.018,0.694,0.191,NA,NA
"Daucus carota","Daucus carota","Daucus","Apiaceae",1056.88,23.188,53.553,0.418,1.062,0.148,NA
"Delphinium caeruleum","Delphinium caeruleum","Delphinium","Ranunculaceae",NA,24.63,84.746,NA,NA,NA,NA
"Delphinium nuttallianum","Delphinium nuttallianum","Delphinium","Ranunculaceae",381.97,NA,81.992,NA,0.403,NA,NA
"Delphinium occidentale","Delphinium occidentale","Delphinium","Ranunculaceae",NA,NA,NA,NA,1.966,NA,NA
"Deschampsia cespitosa","Deschampsia cespitosa","Deschampsia","Poaceae",498.52,18.138,68.975,0.616,0.233,0.268,NA
"Dianthus deltoides","Dianthus deltoides","Dianthus","Caryophyllaceae",21.85,NA,56.141,0.234,0.194,0.258,0.31
"Dianthus superbus","Dianthus superbus","Dianthus","Caryophyllaceae",343.13,NA,44.601,0.417,0.302,0.192,0.184
"Draba aizoides","Draba aizoides","Draba","Brassicaceae",10.52,NA,58.365,0.043,0.208,0.24,0.275
"Draba nemorosa","Draba nemorosa","Draba","Brassicaceae",NA,NA,NA,0.108,0.023,NA,NA
"Dryas octopetala","Dryas octopetala","Dryas","Rosaceae",266.76,14.641,76.417,0.07,0.52,NA,NA
"Drymaria molluginea","Drymaria molluginea","Drymaria","Caryophyllaceae",4,NA,147.059,0.02,0.32,0.154,0.11
"Echium vulgare","Echium vulgare","Echium","Boraginaceae",4523,23.6,67.138,0.511,2.851,0.169,0.14
"Ellisia nyctelea","Ellisia nyctelea","Ellisia","Boraginaceae",NA,28.17,22.553,NA,5.34,NA,NA
"Elsholtzia ciliata","Elsholtzia ciliata","Elsholtzia","Lamiaceae",NA,NA,NA,0.38,0.215,NA,NA
"Elymus caninus","Elymus caninus","Elymus","Poaceae",1140.7,38,35.993,0.847,3.684,0.275,0.307
"Elymus elymoides","Elymus elymoides","Elymus","Poaceae",360,16.768,71.942,0.323,3.273,0.324,NA
"Elymus glaucus","Elymus glaucus","Elymus","Poaceae",195.85,NA,100.806,1,3.859,NA,NA
"Elymus nutans","Elymus nutans","Elymus","Poaceae",586,21.696,48.752,NA,NA,NA,NA
"Elymus repens","Elymus repens","Elymus","Poaceae",980.81,26.453,47.325,0.572,2.363,0.271,NA
"Empetrum nigrum","Empetrum nigrum","Empetrum","Ericaceae",4.8,11.412,124.797,0.213,0.98,NA,NA
"Epilobium anagallidifolium","Epilobium anagallidifolium","Epilobium","Onagraceae",23.71,NA,42.921,0.058,0.057,0.245,0.284
"Epilobium angustifolium","Epilobium angustifolium","Epilobium","Onagraceae",2207.76,28.668,56.708,0.832,0.066,0.255,0.304
"Epilobium ciliatum","Epilobium ciliatum","Epilobium","Onagraceae",726.27,NA,29.583,0.778,0.069,0.178,0.157
"Epilobium obscurum","Epilobium obscurum","Epilobium","Onagraceae",1161,NA,32.575,0.68,0.065,0.164,0.13
"Equisetum arvense","Equisetum arvense","Equisetum","Equisetaceae",112.82,20.038,72.615,0.349,0,0.2,NA
"Equisetum palustre","Equisetum palustre","Equisetum","Equisetaceae",65.3,29.202,102.087,0.331,0,0.2,NA
"Equisetum pratense","Equisetum pratense","Equisetum","Equisetaceae",NA,NA,NA,0.263,0,NA,NA
"Erigeron annuus","Erigeron annuus","Erigeron","Asteraceae",771.09,13.808,41.819,0.747,0.032,0.236,0.268
"Erigeron canadensis","Erigeron canadensis","Erigeron","Asteraceae",290.83,26.578,52.834,0.374,0.051,0.217,0.231
"Erigeron divergens","Erigeron divergens","Erigeron","Asteraceae",65,19.27,56.18,0.13,0.035,0.345,NA
"Erigeron formosissimus","Erigeron formosissimus","Erigeron","Asteraceae",180,16.44,66.225,0.11,0.174,0.241,NA
"Erigeron neglectus","Erigeron neglectus","Erigeron","Asteraceae",NA,NA,NA,0.101,NA,NA,NA
"Erigeron speciosus","Erigeron speciosus","Erigeron","Asteraceae",359.55,21.43,40.78,0.33,0.179,0.211,0.22
"Erigeron sumatrensis","Erigeron sumatrensis","Erigeron","Asteraceae",370.73,NA,NA,0.65,0.03,NA,NA
"Erigeron uniflorus","Erigeron uniflorus","Erigeron","Asteraceae",92.31,33.05,44.616,0.053,0.18,0.192,0.183
"Erythronium grandiflorum","Erythronium grandiflorum","Erythronium","Liliaceae",2135.49,NA,56.095,0.3,4.06,NA,NA
"Euphorbia cyparissias","Euphorbia cyparissias","Euphorbia","Euphorbiaceae",52.3,24.2,36.4,0.193,2.16,0.336,NA
"Euphorbia maculata","Euphorbia maculata","Euphorbia","Euphorbiaceae",24.47,28.859,35.586,0.108,0.172,0.193,0.186
"Euphrasia frigida","Euphrasia frigida","Euphrasia","Orobanchaceae",31.63,53.767,44.766,0.035,0.269,0.347,0.48
"Euphrasia hirtella","Euphrasia hirtella","Euphrasia","Orobanchaceae",75,NA,NA,0.154,NA,NA,NA
"Euphrasia minima","Euphrasia minima","Euphrasia","Orobanchaceae",33.66,26.86,43.912,0.1,0.18,0.186,0.172
"Euphrasia officinalis","Euphrasia officinalis","Euphrasia","Orobanchaceae",101.45,NA,58.41,0.127,0.132,0.222,0.24
"Euphrasia pectinata","Euphrasia pectinata","Euphrasia","Orobanchaceae",NA,NA,NA,0.152,NA,NA,NA
"Euphrasia salisburgensis","Euphrasia salisburgensis","Euphrasia","Orobanchaceae",32,NA,NA,0.077,NA,NA,NA
"Euphrasia stricta","Euphrasia stricta","Euphrasia","Orobanchaceae",25.19,NA,50.917,0.163,0.128,0.211,0.219
"Eurybia integrifolia","Eurybia integrifolia","Eurybia","Asteraceae",NA,NA,NA,0.91,0.51,NA,NA
"Fallopia convolvulus","Fallopia convolvulus","Fallopia","Polygonaceae",619.98,17.395,30.898,0.66,3.972,0.19,0.179
"Fargesia spathacea","Fargesia spathacea","Fargesia","Poaceae",NA,NA,NA,5,NA,NA,NA
"Festuca alpina","Festuca alpina","Festuca","Poaceae",NA,NA,NA,0.058,NA,NA,NA
"Festuca halleri","Festuca halleri","Festuca","Poaceae",22.2,12.767,101.87,0.117,1.24,0.367,0.41
"Festuca laevigata","Festuca laevigata","Festuca","Poaceae",NA,11.979,119.237,0.254,1.3,0.36,0.403
"Festuca nigrescens","Festuca nigrescens","Festuca","Poaceae",106.68,14.21,63.884,0.332,0.911,0.382,NA
"Festuca ovina","Festuca ovina","Festuca","Poaceae",46.17,15.3,75.93,0.249,0.438,0.432,NA
"Festuca quadriflora","Festuca quadriflora","Festuca","Poaceae",NA,NA,NA,0.107,0.8,NA,NA
"Festuca rubra","Festuca rubra","Festuca","Poaceae",305.76,16.178,74.988,0.357,0.826,0.276,NA
"Festuca thurberi","Festuca thurberi","Festuca","Poaceae",NA,NA,154.176,0.6,0.6,NA,NA
"Festuca violacea","Festuca violacea","Festuca","Poaceae",NA,NA,128.205,0.304,1.2,0.343,0.383
"Festuca vivipara","Festuca vivipara","Festuca","Poaceae",41.25,NA,90.417,0.127,NA,0.329,0.367
"Filipendula ulmaria","Filipendula ulmaria","Filipendula","Rosaceae",1723.47,28.393,41.81,0.807,0.745,0.267,0.327
"Fragaria orientalis","Fragaria orientalis","Fragaria","Rosaceae",700,NA,23.403,NA,NA,NA,NA
"Fragaria vesca","Fragaria vesca","Fragaria","Rosaceae",1112.11,18.419,45.257,0.114,0.323,0.26,NA
"Fragaria virginiana","Fragaria virginiana","Fragaria","Rosaceae",1285.81,14.746,61.385,0.107,0.477,0.343,0.471
"Frasera speciosa","Frasera speciosa","Frasera","Gentianaceae",14099.87,NA,75.311,0.125,4.74,NA,NA
"Gagea serotina","Gagea serotina","Gagea","Liliaceae",173.01,22.6,123.137,0.082,0.51,0.136,0.15
"Galeopsis tetrahit","Galeopsis tetrahit","Galeopsis","Lamiaceae",856.55,30.85,31.695,0.366,4.275,0.161,0.124
"Galium album","Galium album","Galium","Rubiaceae",26.48,NA,37.123,0.583,0.87,0.199,0.196
"Galium anisophyllon","Galium anisophyllon","Galium","Rubiaceae",NA,NA,NA,0.108,0.48,NA,NA
"Galium aparine","Galium aparine","Galium","Rubiaceae",159.05,25.666,25.912,0.39,7.752,0.169,0.139
"Galium bifolium","Galium bifolium","Galium","Rubiaceae",NA,NA,NA,NA,0.772,NA,NA
"Galium boreale","Galium boreale","Galium","Rubiaceae",81.52,19.596,43.962,0.387,0.705,0.305,NA
"Galium coloradoense","Galium coloradoense","Galium","Rubiaceae",NA,NA,NA,0.2,NA,NA,NA
"Galium mollugo","Galium mollugo","Galium","Rubiaceae",178.02,28.795,33.24,0.335,0.629,0.186,NA
"Galium pumilum","Galium pumilum","Galium","Rubiaceae",17.37,NA,35.562,0.261,0.418,0.2,0.198
"Galium saxatile","Galium saxatile","Galium","Rubiaceae",32,25.1,40.762,0.129,0.587,0.192,0.183
"Galium triflorum","Galium triflorum","Galium","Rubiaceae",NA,19.051,28,NA,0.732,NA,NA
"Galium uliginosum","Galium uliginosum","Galium","Rubiaceae",47.83,17.26,32.43,0.27,0.093,0.23,NA
"Galium verum","Galium verum","Galium","Rubiaceae",23.31,20.477,53.441,0.335,0.478,0.355,NA
"Genista sagittalis","Genista sagittalis","Genista","Fabaceae",NA,NA,38.79,0.189,2.488,NA,NA
"Gentiana acaulis","Gentiana acaulis","Gentiana","Gentianaceae",297.8,13.745,76.351,0.062,0.422,0.235,0.265
"Gentiana alpina","Gentiana alpina","Gentiana","Gentianaceae",NA,NA,NA,0.047,0.2,NA,NA
"Gentiana brachyphylla","Gentiana brachyphylla","Gentiana","Gentianaceae",16.58,18.453,66.297,0.03,NA,0.228,0.251
"Gentiana clusii","Gentiana clusii","Gentiana","Gentianaceae",692.48,12.193,99.039,0.058,0.44,0.214,0.225
"Gentiana lawrencei","Gentiana lawrencei","Gentiana","Gentianaceae",NA,28.17,78.864,NA,NA,NA,NA
"Gentiana lutea","Gentiana lutea","Gentiana","Gentianaceae",21682.23,23.4,72.053,0.758,1.184,0.196,NA
"Gentiana nivalis","Gentiana nivalis","Gentiana","Gentianaceae",9.95,NA,24.304,0.064,0.017,0.169,0.14
"Gentiana parryi","Gentiana parryi","Gentiana","Gentianaceae",169.6,NA,NA,NA,0.11,NA,NA
"Gentiana prostrata","Gentiana prostrata","Gentiana","Gentianaceae",NA,NA,NA,0.036,0.08,NA,NA
"Gentiana punctata","Gentiana punctata","Gentiana","Gentianaceae",3224.08,9.644,48.861,0.354,0.648,0.185,0.171
"Gentiana purpurea","Gentiana purpurea","Gentiana","Gentianaceae",2481.14,32.195,61.331,0.398,0.48,0.216,0.229
"Gentiana scabra","Gentiana scabra","Gentiana","Gentianaceae",NA,NA,NA,NA,0.04,NA,NA
"Gentiana straminea","Gentiana straminea","Gentiana","Gentianaceae",NA,26.125,95.691,NA,NA,NA,NA
"Gentiana verna","Gentiana verna","Gentiana","Gentianaceae",111.14,15.903,65.153,0.058,0.068,0.216,0.23
"Gentianella amarella","Gentianella amarella","Gentianella","Gentianaceae",3497,21.11,43.062,0.167,0.145,0.206,0.21
"Gentianella campestris","Gentianella campestris","Gentianella","Gentianaceae",32,21.83,26.362,0.127,0.187,0.144,NA
"Gentianella germanica","Gentianella germanica","Gentianella","Gentianaceae",108.15,NA,58.906,0.153,0.169,0.19,0.179
"Geranium nepalense","Geranium nepalense","Geranium","Geraniaceae",NA,NA,NA,NA,3.28,NA,NA
"Geranium pratense","Geranium pratense","Geranium","Geraniaceae",8435.28,31.973,48.959,0.417,7.921,0.215,0.228
"Geranium pyrenaicum","Geranium pyrenaicum","Geranium","Geraniaceae",4880,NA,35.057,0.402,1.542,0.201,0.2
"Geranium richardsonii","Geranium richardsonii","Geranium","Geraniaceae",5104.47,31.235,49.659,0.416,4.256,0.164,NA
"Geranium rotundifolium","Geranium rotundifolium","Geranium","Geraniaceae",997.4,20.1,25.876,0.19,1.833,0.216,0.23
"Geranium sylvaticum","Geranium sylvaticum","Geranium","Geraniaceae",1705.79,25.185,42.274,0.284,5.908,0.218,0.234
"Geranium viscosissimum","Geranium viscosissimum","Geranium","Geraniaceae",2505.36,NA,69.562,0.91,8.49,NA,NA
"Geum aleppicum","Geum aleppicum","Geum","Rosaceae",NA,NA,NA,0.4,1.269,NA,NA
"Geum montanum","Geum montanum","Geum","Rosaceae",628.3,23.401,78.363,0.134,1.74,0.24,0.275
"Geum rivale","Geum rivale","Geum","Rosaceae",6729.58,27.593,46.54,0.466,1.006,0.233,0.262
"Geum triflorum","Geum triflorum","Geum","Rosaceae",828.8,14.198,86.125,0.45,0.629,NA,NA
"Geum urbanum","Geum urbanum","Geum","Rosaceae",3523.42,14.667,34.104,0.443,1.494,0.28,0.351
"Glechoma hederacea","Glechoma hederacea","Glechoma","Lamiaceae",492.81,32.076,28.375,0.195,0.604,0.148,NA
"Gnaphalium supinum","Gnaphalium supinum","Gnaphalium","Asteraceae",35.05,22.46,37.037,0.045,0.079,0.19,0.18
"Goodyera oblongifolia","Goodyera oblongifolia","Goodyera","Orchidaceae",NA,NA,NA,NA,0.001,NA,NA
"Gymnadenia conopsea","Gymnadenia conopsea","Gymnadenia","Orchidaceae",1263.02,28.85,55.638,0.375,0.006,0.125,0.137
"Gymnadenia nigra","Gymnadenia nigra","Gymnadenia","Orchidaceae",202.28,NA,50.82,0.104,NA,0.146,0.161
"Gymnocarpium dryopteris","Gymnocarpium dryopteris","Gymnocarpium","Cystopteridaceae",4084.08,20.876,19.889,0.205,0,NA,NA
"Hackelia micrantha","Hackelia micrantha","Hackelia","Boraginaceae",NA,NA,NA,NA,2.608,NA,NA
"Halenia corniculata","Halenia corniculata","Halenia","Gentianaceae",NA,NA,NA,NA,0.66,NA,NA
"Hedysarum hedysaroides","Hedysarum hedysaroides","Hedysarum","Fabaceae",NA,NA,40.511,0.206,4.609,0.2,0.22
"Helianthella quinquenervis","Helianthella quinquenervis","Helianthella","Asteraceae",1730,24.98,58.824,0.37,7.949,0.226,NA
"Helianthella uniflora","Helianthella uniflora","Helianthella","Asteraceae",NA,NA,NA,0.6,6.606,NA,NA
"Helianthemum nummularium","Helianthemum nummularium","Helianthemum","Cistaceae",80.5,23.042,65.656,0.109,0.968,0.238,0.229
"Helianthemum oelandicum","Helianthemum oelandicum","Helianthemum","Cistaceae",15.28,22.072,88.989,0.094,0.538,0.255,0.304
"Helianthus petiolaris","Helianthus petiolaris","Helianthus","Asteraceae",NA,NA,NA,1.2,3.512,NA,NA
"Helictotrichon parlatorei","Helictotrichon parlatorei","Helictotrichon","Poaceae",NA,NA,NA,0.585,NA,NA,NA
"Helictotrichon pubescens","Helictotrichon pubescens","Helictotrichon","Poaceae",822.12,19.812,50.436,0.555,1.639,0.257,NA
"Helictotrichon sedenense","Helictotrichon sedenense","Helictotrichon","Poaceae",264.16,20.44,55.036,0.213,NA,NA,NA
"Helictotrichon tibeticum","Helictotrichon tibeticum","Helictotrichon","Poaceae",NA,13.8,NA,NA,NA,NA,NA
"Helictotrichon versicolor","Helictotrichon versicolor","Helictotrichon","Poaceae",237.95,17.255,87.36,0.185,1.6,0.332,0.348
"Heliomeris multiflora","Heliomeris multiflora","Heliomeris","Asteraceae",250,26.41,63.291,0.358,0.486,0.335,NA
"Hemiphragma heterophyllum","Hemiphragma heterophyllum","Hemiphragma","Plantaginaceae",NA,NA,NA,NA,0.06,NA,NA
"Heracleum sphondylium","Heracleum sphondylium","Heracleum","Apiaceae",13130.08,35.137,48.996,0.998,6.569,0.227,NA
"Heterotheca pumila","Heterotheca pumila","Heterotheca","Asteraceae",NA,NA,NA,NA,0.3,NA,NA
"Hieracium alpinum","Hieracium alpinum","Hieracium","Asteraceae",298.88,NA,43.503,0.104,0.91,0.183,0.167
"Hieracium froelichianum","Hieracium froelichianum","Hieracium","Asteraceae",393.75,28.422,46.225,0.154,0.83,NA,NA
"Hieracium hoppeanum","Hieracium hoppeanum","Hieracium","Asteraceae",NA,NA,NA,0.082,NA,NA,NA
"Hieracium lachenalii","Hieracium lachenalii","Hieracium","Asteraceae",NA,NA,NA,0.473,NA,NA,NA
"Hieracium murorum","Hieracium murorum","Hieracium","Asteraceae",4067.41,NA,25.987,0.307,0.4,0.159,0.12
"Hieracium piliferum","Hieracium piliferum","Hieracium","Asteraceae",NA,NA,NA,0.053,NA,NA,NA
"Hieracium racemosum","Hieracium racemosum","Hieracium","Asteraceae",1926.53,32.257,29.51,0.233,0.31,0.178,0.157
"Hieracium umbellatum","Hieracium umbellatum","Hieracium","Asteraceae",737.05,23.294,48.903,0.456,0.388,0.325,NA
"Hippocrepis comosa","Hippocrepis comosa","Hippocrepis","Fabaceae",NA,32.683,64.279,0.155,3.421,0.203,0.231
"Holcus lanatus","Holcus lanatus","Holcus","Poaceae",650.81,22.231,32.161,0.336,0.323,0.203,NA
"Homogyne alpina","Homogyne alpina","Homogyne","Asteraceae",721.75,23.02,60.096,0.105,0.63,0.159,0.12
"Hornungia alpina","Hornungia alpina","Hornungia","Brassicaceae",NA,NA,72.464,NA,NA,NA,NA
"Humulus scandens","Humulus scandens","Humulus","Cannabaceae",NA,NA,NA,NA,12.38,NA,NA
"Huperzia selago","Huperzia selago","Huperzia","Lycopodiaceae",5.89,11.275,73.652,0.118,0,NA,NA
"Hydrophyllum capitatum","Hydrophyllum capitatum","Hydrophyllum","Boraginaceae",524.42,NA,58.86,0.3,3.31,NA,NA
"Hymenoxys hoopesii","Hymenoxys hoopesii","Hymenoxys","Asteraceae",1382.83,15.97,54.158,0.62,1.096,0.196,NA
"Hypericum hirsutum","Hypericum hirsutum","Hypericum","Hypericaceae",453.86,NA,31.774,0.614,0.088,0.237,0.27
"Hypericum maculatum","Hypericum maculatum","Hypericum","Hypericaceae",731,27.852,38.67,0.408,0.054,0.263,0.318
"Hypericum perforatum","Hypericum perforatum","Hypericum","Hypericaceae",127.63,22.3,40.265,0.457,0.1,0.244,0.284
"Hypericum richeri","Hypericum richeri","Hypericum","Hypericaceae",27.56,20.92,69.981,0.071,NA,NA,NA
"Hypericum wightianum","Hypericum wightianum","Hypericum","Hypericaceae",NA,NA,NA,0.25,0.02,NA,NA
"Hypochaeris maculata","Hypochaeris maculata","Hypochaeris","Asteraceae",2032.14,NA,50.549,0.349,1.474,0.167,0.135
"Hypochaeris radicata","Hypochaeris radicata","Hypochaeris","Asteraceae",993.64,16.074,36.077,0.228,0.757,0.143,0.09
"Iliamna rivularis","Iliamna rivularis","Iliamna","Malvaceae",NA,NA,NA,1.82,3.316,NA,NA
"Jacobaea incana","Jacobaea incana","Jacobaea","Asteraceae",171.73,20.4,87.215,0.082,1.107,0.212,0.221
"Jacobaea vulgaris","Jacobaea vulgaris","Jacobaea","Asteraceae",4456.62,20.082,38.348,0.543,0.195,0.29,NA
"Juncus alpinoarticulatus","Juncus alpinoarticulatus","Juncus","Juncaceae",51.49,NA,70.621,0.476,0.018,0.207,0.23
"Juncus prismatocarpus","Juncus prismatocarpus","Juncus","Juncaceae",NA,NA,NA,NA,0.01,NA,NA
"Juncus setchuensis","Juncus setchuensis","Juncus","Juncaceae",NA,NA,NA,NA,0.02,NA,NA
"Juniperus communis","Juniperus communis","Juniperus","Cupressaceae",20.68,11.445,113.24,3.041,11.709,0.562,NA
"Knautia arvensis","Knautia arvensis","Knautia","Caprifoliaceae",2463.48,26.42,50.806,0.441,3.76,0.181,0.163
"Knautia dipsacifolia","Knautia dipsacifolia","Knautia","Caprifoliaceae",NA,17.08,59.52,0.508,5.13,NA,NA
"Lactuca serriola","Lactuca serriola","Lactuca","Asteraceae",739.5,30.264,71.419,0.97,0.437,0.187,0.174
"Lancea tibetica","Lancea tibetica","Lancea","Mazaceae",NA,NA,NA,0.07,NA,NA,NA
"Lappula squarrosa","Lappula squarrosa","Lappula","Boraginaceae",693,NA,32.884,0.428,1.8,0.159,0.12
"Lapsana communis","Lapsana communis","Lapsana","Asteraceae",4939.85,39.258,18.995,0.555,0.858,0.159,0.12
"Larix decidua","Larix decidua","Larix","Pinaceae",19.65,19.851,104.331,34.893,6.487,0.529,NA
"Laserpitium halleri","Laserpitium halleri","Laserpitium","Apiaceae",25141.45,22.35,77.459,0.65,NA,0.253,0.3
"Laserpitium latifolium","Laserpitium latifolium","Laserpitium","Apiaceae",20097.5,26.068,72.861,0.797,7.803,0.267,NA
"Lathyrus lanszwertii","Lathyrus lanszwertii","Lathyrus","Fabaceae",240.94,NA,52.288,NA,NA,NA,NA
"Lathyrus pratensis","Lathyrus pratensis","Lathyrus","Fabaceae",615.86,36.094,39.196,0.365,11.546,0.253,NA
"Leontodon hispidus","Leontodon hispidus","Leontodon","Asteraceae",1629.48,22.875,39.376,0.219,1.035,0.193,NA
"Leucanthemopsis alpina","Leucanthemopsis alpina","Leucanthemopsis","Asteraceae",35.44,23.6,65.958,0.053,0.37,0.188,0.175
"Leucanthemum adustum","Leucanthemum adustum","Leucanthemum","Asteraceae",NA,NA,NA,0.516,0.249,NA,NA
"Leucanthemum ircutianum","Leucanthemum ircutianum","Leucanthemum","Asteraceae",436.32,17.46,39.162,0.375,0.6,0.169,0.14
"Leucanthemum vulgare","Leucanthemum vulgare","Leucanthemum","Asteraceae",428.43,21.989,68.02,0.365,0.421,0.185,0.169
"Ligularia sagitta","Ligularia sagitta","Ligularia","Asteraceae",NA,25.94,NA,NA,NA,NA,NA
"Ligularia virgaurea","Ligularia virgaurea","Ligularia","Asteraceae",NA,20.018,95.911,NA,NA,NA,NA
"Ligusticum porteri","Ligusticum porteri","Ligusticum","Apiaceae",401.14,NA,NA,NA,4.737,NA,NA
"Lilium martagon","Lilium martagon","Lilium","Liliaceae",3363.28,37.6,38.54,0.583,5.822,0.118,0.13
"Linaria vulgaris","Linaria vulgaris","Linaria","Plantaginaceae",157.58,17.094,37.241,0.497,0.155,0.195,0.189
"Linum alpinum","Linum alpinum","Linum","Linaceae",NA,NA,NA,0.218,NA,NA,NA
"Linum catharticum","Linum catharticum","Linum","Linaceae",13.1,17.929,34.465,0.128,0.146,0.288,NA
"Linum lewisii","Linum lewisii","Linum","Linaceae",13,28.35,86.207,0.508,1.818,0.222,0.24
"Lithophragma glabrum","Lithophragma glabrum","Lithophragma","Saxifragaceae",NA,NA,NA,NA,0.02,NA,NA
"Lolium multiflorum","Lolium multiflorum","Lolium","Poaceae",606,22.199,39.965,0.409,2.633,0.217,NA
"Lolium perenne","Lolium perenne","Lolium","Poaceae",468.92,27.045,39.518,0.271,1.863,0.188,NA
"Lotus alpinus","Lotus alpinus","Lotus","Fabaceae",NA,43.646,39.61,0.049,1.308,0.218,0.246
"Lotus corniculatus","Lotus corniculatus","Lotus","Fabaceae",128.72,33.123,44.055,0.242,1.321,0.279,NA
"Lupinus argenteus","Lupinus argenteus","Lupinus","Fabaceae",NA,46.28,62.893,0.419,3.408,0.297,NA
"Luzula alpina","Luzula alpina","Luzula","Juncaceae",NA,NA,NA,0.164,NA,NA,NA
"Luzula alpinopilosa","Luzula alpinopilosa","Luzula","Juncaceae",384.35,29.8,58.996,0.182,0.225,0.162,0.179
"Luzula campestris","Luzula campestris","Luzula","Juncaceae",210.69,26.628,40.898,0.134,0.621,0.206,NA
"Luzula lutea","Luzula lutea","Luzula","Juncaceae",309.29,23.901,71.174,0.164,NA,0.3,0.329
"Luzula multiflora","Luzula multiflora","Luzula","Juncaceae",203.67,24.342,41.711,0.188,0.589,0.235,NA
"Luzula nivea","Luzula nivea","Luzula","Juncaceae",588.87,24.856,40.205,0.616,0.48,0.232,0.258
"Luzula pediformis","Luzula pediformis","Luzula","Juncaceae",247.42,20.22,42.9,0.162,NA,NA,NA
"Luzula pilosa","Luzula pilosa","Luzula","Juncaceae",669.48,18.949,38.413,0.266,1.034,0.203,0.226
"Luzula spicata","Luzula spicata","Luzula","Juncaceae",34.85,22.59,103.973,0.146,0.291,0.268,0.299
"Luzula sudetica","Luzula sudetica","Luzula","Juncaceae",243.2,32.109,31.394,0.165,0.3,0.168,0.186
"Luzula sylvatica","Luzula sylvatica","Luzula","Juncaceae",NA,18.735,52.536,0.464,0.722,0.245,0.272
"Luzula wahlenbergii","Luzula wahlenbergii","Luzula","Juncaceae",NA,NA,NA,NA,0.36,NA,NA
"Lysimachia europaea","Lysimachia europaea","Lysimachia","Primulaceae",176.49,20.371,26.358,0.097,0.619,0.226,0.249
"Lysimachia maritima","Lysimachia maritima","Lysimachia","Primulaceae",39.57,21.208,58.283,0.117,0.389,0.182,0.165
"Lysimachia nemorum","Lysimachia nemorum","Lysimachia","Primulaceae",238.29,NA,33.811,0.214,0.356,0.197,0.193
"Malaxis monophyllos","Malaxis monophyllos","Malaxis","Orchidaceae",NA,NA,NA,0.103,NA,NA,NA
"Matricaria chamomilla","Matricaria chamomilla","Matricaria","Asteraceae",NA,NA,24.402,0.279,0.05,NA,NA
"Medicago falcata","Medicago falcata","Medicago","Fabaceae",NA,33,NA,0.351,1.588,NA,NA
"Medicago lupulina","Medicago lupulina","Medicago","Fabaceae",247.91,33.143,34.575,0.238,1.443,0.22,NA
"Medicago ruthenica","Medicago ruthenica","Medicago","Fabaceae",NA,32.775,65.336,0.849,2.25,NA,NA
"Medicago sativa","Medicago sativa","Medicago","Fabaceae",103.57,39.665,50.862,0.659,2.27,0.218,0.246
"Melampyrum pratense","Melampyrum pratense","Melampyrum","Orobanchaceae",240,24.822,38.834,0.223,5.637,0.195,0.19
"Melampyrum sylvaticum","Melampyrum sylvaticum","Melampyrum","Orobanchaceae",248.29,25.105,32.677,0.214,6.288,0.38,NA
"Melica spectabilis","Melica spectabilis","Melica","Poaceae",NA,NA,NA,0.76,0.81,NA,NA
"Meum athamanticum","Meum athamanticum","Meum","Apiaceae",NA,21.648,75.873,0.299,7.938,0.234,0.263
"Microsteris gracilis","Microsteris gracilis","Microsteris","Polemoniaceae",NA,NA,NA,NA,1.069,NA,NA
"Milium effusum","Milium effusum","Milium","Poaceae",1621.09,23.087,29.204,0.843,0.813,0.213,0.236
"Minuartia biflora","Minuartia biflora","Minuartia","Caryophyllaceae",NA,NA,NA,0.056,NA,NA,NA
"Minuartia sedoides","Minuartia sedoides","Minuartia","Caryophyllaceae",8.35,NA,80.105,0.058,0.264,0.244,0.283
"Minuartia verna","Minuartia verna","Minuartia","Caryophyllaceae",4.86,18.1,48.528,0.083,0.075,0.22,0.236
"Muhlenbergia minutissima","Muhlenbergia minutissima","Muhlenbergia","Poaceae",31,20.75,42.194,0.06,0.09,0.207,0.23
"Muhlenbergia montana","Muhlenbergia montana","Muhlenbergia","Poaceae",160,11.8,129.87,0.414,0.264,0.447,0.5
"Myosotis alpestris","Myosotis alpestris","Myosotis","Boraginaceae",209.92,22,58.038,0.082,0.692,0.19,0.18
"Myosotis decumbens","Myosotis decumbens","Myosotis","Boraginaceae",NA,NA,NA,0.249,NA,NA,NA
"Myosotis scorpioides","Myosotis scorpioides","Myosotis","Boraginaceae",692.33,21.8,25.152,0.299,0.389,0.168,0.137
"Myosotis sylvatica","Myosotis sylvatica","Myosotis","Boraginaceae",373.01,29.55,35.361,0.201,0.588,0.17,0.142
"Nama dichotoma","Nama dichotoma","Nama","Boraginaceae",26,43.88,32.258,0.09,0.05,0.164,0.13
"Nardus stricta","Nardus stricta","Nardus","Poaceae",82.82,15.782,90.472,0.196,0.306,0.299,NA
"Neottia ovata","Neottia ovata","Neottia","Orchidaceae",3366.72,NA,39.183,0.359,NA,0.103,0.113
"Omalotheca norvegica","Omalotheca norvegica","Omalotheca","Asteraceae",312.89,NA,48.622,0.104,0.09,0.211,0.219
"Omalotheca supina","Omalotheca supina","Omalotheca","Asteraceae",15.93,NA,42.241,0.034,0.076,0.227,0.251
"Onobrychis montana","Onobrychis montana","Onobrychis","Fabaceae",NA,27.387,91.734,0.172,11.691,0.307,NA
"Orchis mascula","Orchis mascula","Orchis","Orchidaceae",1960.25,20.44,54.289,0.253,NA,0.106,0.117
"Ornithogalum umbellatum","Ornithogalum umbellatum","Ornithogalum","Asparagaceae",725,NA,75.758,0.195,NA,0.074,0.08
"Orobanche fasciculata","Orobanche fasciculata","Orobanche","Orobanchaceae",NA,NA,NA,NA,0.004,NA,NA
"Orthilia secunda","Orthilia secunda","Orthilia","Ericaceae",269.01,17.333,60.51,0.11,0.001,0.267,0.326
"Osmorhiza berteroi","Osmorhiza berteroi","Osmorhiza","Apiaceae",NA,NA,NA,NA,5.88,NA,NA
"Osmorhiza chilensis","Osmorhiza chilensis","Osmorhiza","Apiaceae",75,NA,NA,0.7,7.434,NA,NA
"Oxalis acetosella","Oxalis acetosella","Oxalis","Oxalidaceae",145.99,26.985,16.211,0.091,1.021,0.098,NA
"Oxalis corniculata","Oxalis corniculata","Oxalis","Oxalidaceae",89.35,NA,36.155,0.12,0.226,0.169,0.14
"Oxyria digyna","Oxyria digyna","Oxyria","Polygonaceae",375.01,43.678,41.79,0.1,0.636,0.143,0.09
"Oxytropis campestris","Oxytropis campestris","Oxytropis","Fabaceae",NA,NA,81.95,0.245,2.149,NA,NA
"Oxytropis deflexa","Oxytropis deflexa","Oxytropis","Fabaceae",NA,NA,NA,NA,0.87,NA,NA
"Oxytropis densa","Oxytropis densa","Oxytropis","Fabaceae",NA,45.47,NA,NA,NA,NA,NA
"Oxytropis lambertii","Oxytropis lambertii","Oxytropis","Fabaceae",98.57,28.512,98.039,0.251,1.986,0.314,NA
"Oxytropis lapponica","Oxytropis lapponica","Oxytropis","Fabaceae",NA,NA,NA,0.091,NA,NA,NA
"Oxytropis ochrocephala","Oxytropis ochrocephala","Oxytropis","Fabaceae",NA,41.877,55.897,NA,NA,NA,NA
"Papaver rhoeas","Papaver rhoeas","Papaver","Papaveraceae",4984.92,37.315,31.209,0.452,0.134,0.169,0.14
"Paradisea liliastrum","Paradisea liliastrum","Paradisea","Asparagaceae",NA,28.94,51.948,0.38,NA,NA,NA
"Parnassia palustris","Parnassia palustris","Parnassia","Celastraceae",274.35,16.751,43.309,0.11,0.035,0.29,NA
"Pedicularis comosa","Pedicularis comosa","Pedicularis","Orobanchaceae",799.95,24.81,64.893,0.327,1.19,0.227,0.25
"Pedicularis resupinata","Pedicularis resupinata","Pedicularis","Orobanchaceae",NA,NA,NA,0.4,0.96,NA,NA
"Pedicularis verticillata","Pedicularis verticillata","Pedicularis","Orobanchaceae",NA,NA,NA,0.13,NA,NA,NA
"Persicaria maculosa","Persicaria maculosa","Persicaria","Polygonaceae",1429.26,11.988,45.969,0.396,2.044,0.228,0.252
"Persicaria vivipara","Persicaria vivipara","Persicaria","Polygonaceae",260.08,30.949,63.624,0.126,2.146,0.211,0.22
"Petasites frigidus","Petasites frigidus","Petasites","Asteraceae",NA,24.406,56.808,0.125,0.797,NA,NA
"Phleum alpinum","Phleum alpinum","Phleum","Poaceae",463.49,18.988,58.715,0.178,0.359,0.327,0.359
"Phleum pratense","Phleum pratense","Phleum","Poaceae",582.05,19.043,44.571,0.609,0.397,0.28,NA
"Phyllodoce caerulea","Phyllodoce caerulea","Phyllodoce","Ericaceae",8.09,10.997,103.141,0.115,0.018,NA,NA
"Phyteuma betonicifolium","Phyteuma betonicifolium","Phyteuma","Campanulaceae",1157.91,39.35,28.389,0.247,0.038,0.158,0.119
"Phyteuma hemisphaericum","Phyteuma hemisphaericum","Phyteuma","Campanulaceae",46.81,27.402,61.561,0.098,0.1,0.218,0.233
"Phyteuma orbiculare","Phyteuma orbiculare","Phyteuma","Campanulaceae",316,28.52,31.379,0.323,0.187,0.19,0.179
"Phyteuma scheuchzeri","Phyteuma scheuchzeri","Phyteuma","Campanulaceae",710.97,18.918,53.148,0.211,0.04,0.198,0.195
"Picea abies","Picea abies","Picea","Pinaceae",31.72,12.358,225.178,40.688,6.443,0.424,NA
"Picris hieracioides","Picris hieracioides","Picris","Asteraceae",1433.71,26.876,35.739,0.452,1.067,0.157,NA
"Pilosella aurantiaca","Pilosella aurantiaca","Pilosella","Asteraceae",995.13,NA,35.176,0.313,0.136,0.186,0.171
"Pilosella glacialis","Pilosella glacialis","Pilosella","Asteraceae",NA,NA,NA,0.095,NA,NA,NA
"Pilosella lactucella","Pilosella lactucella","Pilosella","Asteraceae",273.32,17.37,36.491,0.163,0.1,0.165,0.133
"Pilosella officinarum","Pilosella officinarum","Pilosella","Asteraceae",331.39,16.845,56.682,0.111,0.128,0.142,NA
"Pilosella piloselloides","Pilosella piloselloides","Pilosella","Asteraceae",554.3,12.758,37.448,0.249,0.72,0.201,0.2
"Pimpinella major","Pimpinella major","Pimpinella","Apiaceae",8294.89,24.585,49.175,0.62,2.04,0.195,NA
"Pimpinella saxifraga","Pimpinella saxifraga","Pimpinella","Apiaceae",1067.36,24.231,57.852,0.326,1.151,0.217,NA
"Pinguicula vulgaris","Pinguicula vulgaris","Pinguicula","Lentibulariaceae",177.31,17.283,24.154,0.058,0.018,0.134,0.074
"Pinus sylvestris","Pinus sylvestris","Pinus","Pinaceae",71.55,12.868,209.676,25.868,7.426,0.541,NA
"Plantago alpina","Plantago alpina","Plantago","Plantaginaceae",42.7,34.01,50.711,0.072,0.58,NA,NA
"Plantago asiatica","Plantago asiatica","Plantago","Plantaginaceae",NA,34.518,90.459,0.2,0.592,0.24,0.275
"Plantago atrata","Plantago atrata","Plantago","Plantaginaceae",934.29,18.242,83.355,0.109,2.936,0.211,0.22
"Plantago lanceolata","Plantago lanceolata","Plantago","Plantaginaceae",974.36,22.454,53.748,0.179,1.363,0.23,NA
"Plantago major","Plantago major","Plantago","Plantaginaceae",4852.23,18.803,53.228,0.167,0.22,0.18,0.16
"Plantago maritima","Plantago maritima","Plantago","Plantaginaceae",749.42,15.37,97.759,0.192,0.561,0.265,NA
"Plantago media","Plantago media","Plantago","Plantaginaceae",4662.67,21.655,52.872,0.203,0.334,0.178,0.156
"Plantago patagonica","Plantago patagonica","Plantago","Plantaginaceae",NA,19.886,75,0.15,0.48,NA,NA
"Platanthera bifolia","Platanthera bifolia","Platanthera","Orchidaceae",4089.94,26.3,39.47,0.248,0.001,0.113,0.124
"Poa alpigena","Poa alpigena","Poa","Poaceae",NA,NA,52.356,NA,0.25,NA,NA
"Poa alpina","Poa alpina","Poa","Poaceae",96.98,16.355,65.304,0.158,0.35,0.261,0.291
"Poa annua","Poa annua","Poa","Poaceae",123.1,35.481,26.096,0.092,0.238,0.159,NA
"Poa chaixii","Poa chaixii","Poa","Poaceae",279.45,18.612,56.385,0.803,NA,0.261,0.29
"Poa compressa","Poa compressa","Poa","Poaceae",203.62,13.67,52.956,0.305,0.21,0.277,0.309
"Poa pratensis","Poa pratensis","Poa","Poaceae",441.04,17.382,47.782,0.367,0.255,0.21,NA
"Poa supina","Poa supina","Poa","Poaceae",192.25,31.217,25.275,0.101,0.4,0.153,0.169
"Poa trivialis","Poa trivialis","Poa","Poaceae",243.49,26.443,24.337,0.583,0.18,0.227,NA
"Polygala alpestris","Polygala alpestris","Polygala","Polygalaceae",NA,28.4,49.334,0.089,NA,NA,NA
"Polygala alpina","Polygala alpina","Polygala","Polygalaceae",31.14,17.03,40.499,0.059,NA,NA,NA
"Polygala vulgaris","Polygala vulgaris","Polygala","Polygalaceae",67.86,26.239,54.792,0.121,1.79,0.227,0.251
"Polygonum aviculare","Polygonum aviculare","Polygonum","Polygonaceae",338.25,31.426,38.011,0.283,1.313,0.375,NA
"Polygonum douglasii","Polygonum douglasii","Polygonum","Polygonaceae",50,19.35,83.333,0.12,1.345,0.388,NA
"Polygonum macrophyllum","Polygonum macrophyllum","Polygonum","Polygonaceae",NA,37.95,56.915,NA,NA,NA,NA
"Polygonum sibiricum","Polygonum sibiricum","Polygonum","Polygonaceae",700,30.76,NA,0.25,NA,NA,NA
"Polypogon viridis","Polypogon viridis","Polypogon","Poaceae",NA,NA,NA,0.431,0.097,NA,NA
"Potentilla anserina","Potentilla anserina","Potentilla","Rosaceae",928.14,24.975,52.045,0.161,0.592,0.206,NA
"Potentilla argentea","Potentilla argentea","Potentilla","Rosaceae",275.33,NA,63.622,0.254,0.084,0.263,0.32
"Potentilla aurea","Potentilla aurea","Potentilla","Rosaceae",1012.5,28.827,45.875,0.088,0.33,0.222,0.24
"Potentilla crantzii","Potentilla crantzii","Potentilla","Rosaceae",71.23,28.7,65.83,0.089,0.485,0.248,0.291
"Potentilla erecta","Potentilla erecta","Potentilla","Rosaceae",109.62,22.926,41.274,0.167,0.272,0.348,NA
"Potentilla gracilis","Potentilla gracilis","Potentilla","Rosaceae",315.03,NA,79.58,0.73,0.273,NA,NA
"Potentilla grandiflora","Potentilla grandiflora","Potentilla","Rosaceae",NA,22.05,63.842,0.156,0.28,0.252,0.298
"Potentilla multifida","Potentilla multifida","Potentilla","Rosaceae",409,NA,101.729,0.253,NA,NA,NA
"Potentilla nivea","Potentilla nivea","Potentilla","Rosaceae",403.15,25.728,60.793,0.089,NA,0.264,0.32
"Potentilla pulcherrima","Potentilla pulcherrima","Potentilla","Rosaceae",NA,NA,NA,NA,0.346,NA,NA
"Primula elatior","Primula elatior","Primula","Primulaceae",4203.38,22.419,40.125,0.136,0.654,0.167,0.135
"Primula farinosa","Primula farinosa","Primula","Primulaceae",220.5,21.536,43.584,0.13,0.067,0.185,0.17
"Primula integrifolia","Primula integrifolia","Primula","Primulaceae",95.92,29.448,48.708,0.025,NA,0.185,0.17
"Primula malacoides","Primula malacoides","Primula","Primulaceae",NA,NA,NA,NA,0.1,NA,NA
"Primula tangutica","Primula tangutica","Primula","Primulaceae",NA,22.75,45.641,NA,NA,NA,NA
"Primula veris","Primula veris","Primula","Primulaceae",3032.48,16.4,51.321,0.151,0.834,0.227,0.251
"Prunella grandiflora","Prunella grandiflora","Prunella","Lamiaceae",204.82,18.414,52.975,0.15,1.037,0.19,0.18
"Prunella vulgaris","Prunella vulgaris","Prunella","Lamiaceae",472.55,19.172,34.864,0.145,0.73,0.167,NA
"Ptilagrostis dichotoma","Ptilagrostis dichotoma","Ptilagrostis","Poaceae",NA,25.442,65.275,NA,NA,NA,NA
"Pulmonaria angustifolia","Pulmonaria angustifolia","Pulmonaria","Boraginaceae",10893.54,25.742,63.73,0.163,NA,0.186,0.173
"Pulmonaria australis","Pulmonaria australis","Pulmonaria","Boraginaceae",NA,NA,NA,0.247,NA,NA,NA
"Pyrola minor","Pyrola minor","Pyrola","Ericaceae",299.44,15.9,45.754,0.078,0.002,0.242,0.279
"Pyrola rotundifolia","Pyrola rotundifolia","Pyrola","Ericaceae",1355.19,13.463,53.907,0.12,NA,0.227,0.25
"Quercus robur","Quercus robur","Quercus","Fagaceae",2991.55,21.811,72.498,27.075,3048.021,0.581,NA
"Ranunculus aconitifolius","Ranunculus aconitifolius","Ranunculus","Ranunculaceae",26252.32,25.62,35.263,0.27,4.63,0.148,0.099
"Ranunculus acris","Ranunculus acris","Ranunculus","Ranunculaceae",595.19,25.736,48.233,0.352,1.447,0.156,NA
"Ranunculus alpestris","Ranunculus alpestris","Ranunculus","Ranunculaceae",NA,NA,NA,0.072,NA,NA,NA
"Ranunculus arvensis","Ranunculus arvensis","Ranunculus","Ranunculaceae",576,22.093,36.503,0.379,12.236,0.164,0.13
"Ranunculus auricomus","Ranunculus auricomus","Ranunculus","Ranunculaceae",1250.87,NA,35.665,0.321,1.537,0.179,0.158
"Ranunculus brotherusii","Ranunculus brotherusii","Ranunculus","Ranunculaceae",NA,36.93,NA,NA,NA,NA,NA
"Ranunculus bulbosus","Ranunculus bulbosus","Ranunculus","Ranunculaceae",895.84,27.778,51.704,0.192,2.425,0.127,NA
"Ranunculus inamoenus","Ranunculus inamoenus","Ranunculus","Ranunculaceae",432.99,NA,NA,NA,NA,NA,NA
"Ranunculus japonicus","Ranunculus japonicus","Ranunculus","Ranunculaceae",NA,NA,NA,NA,0.85,NA,NA
"Ranunculus kuepferi","Ranunculus kuepferi","Ranunculus","Ranunculaceae",NA,NA,NA,0.108,NA,NA,NA
"Ranunculus montanus","Ranunculus montanus","Ranunculus","Ranunculaceae",896.22,26.753,37.08,0.12,NA,0.197,0.193
"Ranunculus nivalis","Ranunculus nivalis","Ranunculus","Ranunculaceae",NA,30.5,49.677,0.05,NA,NA,NA
"Ranunculus polyanthemos","Ranunculus polyanthemos","Ranunculus","Ranunculaceae",4424.76,NA,48.265,0.454,3.067,0.189,0.178
"Ranunculus repens","Ranunculus repens","Ranunculus","Ranunculaceae",1845.43,23.976,40.712,0.19,2.308,0.099,NA
"Ranunculus reptans","Ranunculus reptans","Ranunculus","Ranunculaceae",53,NA,73.529,0.134,0.374,0.206,0.21
"Rhinanthus glacialis","Rhinanthus glacialis","Rhinanthus","Orobanchaceae",44.7,35.15,44.385,0.268,3.43,0.266,0.324
"Rhinanthus minor","Rhinanthus minor","Rhinanthus","Orobanchaceae",174.47,33.99,48.963,0.255,2.535,0.178,0.157
"Rosa woodsii","Rosa woodsii","Rosa","Rosaceae",714.9,14.91,63.291,0.996,7.924,0.574,NA
"Rostraria cristata","Rostraria cristata","Rostraria","Poaceae",NA,NA,NA,0.168,0.2,NA,NA
"Rubia cordifolia","Rubia cordifolia","Rubia","Rubiaceae",700,NA,NA,1.5,4.1,NA,NA
"Rubus chamaemorus","Rubus chamaemorus","Rubus","Rosaceae",1923.79,21.876,77.833,0.103,8.055,0.232,0.259
"Rubus idaeus","Rubus idaeus","Rubus","Rosaceae",2198.09,23.315,45.578,0.94,1.766,NA,NA
"Rubus parviflorus","Rubus parviflorus","Rubus","Rosaceae",15257,21.9,22.257,1.476,1.153,0.65,NA
"Rubus saxatilis","Rubus saxatilis","Rubus","Rosaceae",4889.51,20.796,40.093,0.202,9.89,0.3,NA
"Rudbeckia hirta","Rudbeckia hirta","Rudbeckia","Asteraceae",465.99,NA,57.455,0.52,0.383,0.291,NA
"Rudbeckia occidentalis","Rudbeckia occidentalis","Rudbeckia","Asteraceae",NA,NA,NA,NA,1.095,NA,NA
"Rumex acetosa","Rumex acetosa","Rumex","Polygonaceae",1674.17,36.115,36.033,0.437,0.706,0.151,NA
"Rumex acetosella","Rumex acetosella","Rumex","Polygonaceae",161.17,30.123,45.385,0.179,0.402,0.369,NA
"Rumex alpestris","Rumex alpestris","Rumex","Polygonaceae",4946.71,45.514,30.412,0.343,0.76,0.159,0.12
"Rumex nepalensis","Rumex nepalensis","Rumex","Polygonaceae",NA,NA,NA,NA,1.65,NA,NA
"Rumex sanguineus","Rumex sanguineus","Rumex","Polygonaceae",4734,NA,39.96,0.689,0.954,0.201,0.2
"Sagina glabra","Sagina glabra","Sagina","Caryophyllaceae",NA,NA,NA,0.091,NA,NA,NA
"Sagina japonica","Sagina japonica","Sagina","Caryophyllaceae",NA,NA,NA,NA,0.02,NA,NA
"Sagina saginoides","Sagina saginoides","Sagina","Caryophyllaceae",8.45,NA,73.001,0.037,0.032,0.24,0.275
"Salix herbacea","Salix herbacea","Salix","Salicaceae",102.52,23.954,59.033,0.036,0.166,NA,NA
"Salix polaris","Salix polaris","Salix","Salicaceae",169,30.644,79.617,0.02,NA,NA,NA
"Salix reticulata","Salix reticulata","Salix","Salicaceae",202.89,18.507,107.6,0.072,0.118,NA,NA
"Salix retusa","Salix retusa","Salix","Salicaceae",NA,NA,NA,0.182,0.36,NA,NA
"Salix serpyllifolia","Salix serpyllifolia","Salix","Salicaceae",45.98,NA,75.805,0.144,0.26,NA,NA
"Salsola collina","Salsola collina","Salsola","Amaranthaceae",11,41.24,131.716,0.154,NA,0.196,0.192
"Salvia pratensis","Salvia pratensis","Salvia","Lamiaceae",6894.74,19.3,47.936,0.484,2.23,0.185,0.17
"Sanguisorba minor","Sanguisorba minor","Sanguisorba","Rosaceae",354.23,20.21,57.176,0.178,4.137,0.215,NA
"Saussurea alpina","Saussurea alpina","Saussurea","Asteraceae",579.7,19.54,54.361,0.15,1.403,0.185,0.17
"Saussurea globosa","Saussurea globosa","Saussurea","Asteraceae",NA,25.3,NA,NA,NA,NA,NA
"Saussurea superba","Saussurea superba","Saussurea","Asteraceae",NA,20.414,72.516,NA,NA,NA,NA
"Saxifraga aizoides","Saxifraga aizoides","Saxifraga","Saxifragaceae",24.45,12.518,74.079,0.068,0.05,0.177,0.156
"Saxifraga bryoides","Saxifraga bryoides","Saxifraga","Saxifragaceae",NA,17.585,58.952,0.024,0.03,0.265,0.324
"Saxifraga cespitosa","Saxifraga cespitosa","Saxifraga","Saxifragaceae",32,NA,NA,0.07,0.074,NA,NA
"Saxifraga oppositifolia","Saxifraga oppositifolia","Saxifraga","Saxifragaceae",32,18.014,60.406,0.102,0.102,0.23,0.255
"Saxifraga paniculata","Saxifraga paniculata","Saxifraga","Saxifragaceae",41.5,NA,116.144,0.196,0.058,0.222,0.24
"Scabiosa lucida","Scabiosa lucida","Scabiosa","Caprifoliaceae",NA,20.34,68.12,0.249,1.53,NA,NA
"Schizachyrium scoparium","Schizachyrium scoparium","Schizachyrium","Poaceae",570.95,11.985,54.254,0.77,0.79,0.316,NA
"Scolochloa festucacea","Scolochloa festucacea","Scolochloa","Poaceae",NA,17.505,53.619,1.335,1.841,NA,NA
"Scorzoneroides autumnalis","Scorzoneroides autumnalis","Scorzoneroides","Asteraceae",209.03,20.31,39.389,0.131,0.674,0.192,NA
"Scorzoneroides helvetica","Scorzoneroides helvetica","Scorzoneroides","Asteraceae",193.7,29.061,71.874,0.122,1.71,0.231,0.258
"Scorzoneroides pyrenaica","Scorzoneroides pyrenaica","Scorzoneroides","Asteraceae",635.5,NA,42.841,0.1,NA,0.164,0.13
"Sedum acre","Sedum acre","Sedum","Crassulaceae",12.25,15.17,83.595,0.071,0.034,0.127,0.06
"Sedum integrifolium","Sedum integrifolium","Sedum","Crassulaceae",184.37,NA,NA,NA,NA,NA,NA
"Selaginella selaginoides","Selaginella selaginoides","Selaginella","Selaginellaceae",5.67,NA,45.914,0.063,0,NA,NA
"Senecio doronicum","Senecio doronicum","Senecio","Asteraceae",1789.2,28.586,78.486,0.204,0.28,0.163,0.128
"Senecio integerrimus","Senecio integerrimus","Senecio","Asteraceae",1195.74,NA,67.814,0.33,0.905,NA,NA
"Senecio vulgaris","Senecio vulgaris","Senecio","Asteraceae",368.71,38.188,32.964,0.284,0.245,0.137,0.079
"Sesleria caerulea","Sesleria caerulea","Sesleria","Poaceae",464.41,19.31,70.648,0.223,1.459,0.291,NA
"Sibbaldia procumbens","Sibbaldia procumbens","Sibbaldia","Rosaceae",160.36,25.179,60.776,0.028,0.51,0.275,0.342
"Sibbaldianthe bifurca","Sibbaldianthe bifurca","Sibbaldianthe","Rosaceae",79,23.029,87.376,0.09,NA,0.314,0.417
"Silene acaulis","Silene acaulis","Silene","Caryophyllaceae",8.06,15,57.666,0.031,0.306,0.19,0.18
"Silene dioica","Silene dioica","Silene","Caryophyllaceae",3533,30.11,27.656,0.556,0.683,0.154,0.11
"Silene flos-cuculi","Silene flos-cuculi","Silene","Caryophyllaceae",569.24,15.55,39.958,0.456,0.173,0.241,NA
"Silene latifolia","Silene latifolia","Silene","Caryophyllaceae",1646.63,NA,48.029,0.686,0.822,0.169,0.14
"Silene nutans","Silene nutans","Silene","Caryophyllaceae",349.07,35.74,47.658,0.362,0.345,0.196,0.192
"Silene vulgaris","Silene vulgaris","Silene","Caryophyllaceae",1263.74,26.952,46.934,0.398,0.834,0.183,0.166
"Sinapis alba","Sinapis alba","Sinapis","Brassicaceae",2316,NA,55.619,0.403,4.401,0.168,0.139
"Sisymbrium loeselii","Sisymbrium loeselii","Sisymbrium","Brassicaceae",2509.68,NA,53.387,0.434,0.082,0.195,0.189
"Soldanella alpina","Soldanella alpina","Soldanella","Primulaceae",NA,22.52,74.794,0.08,0.24,NA,NA
"Solidago missouriensis","Solidago missouriensis","Solidago","Asteraceae",876.86,12.705,98.77,0.91,0.269,NA,NA
"Solidago multiradiata","Solidago multiradiata","Solidago","Asteraceae",NA,NA,NA,0.3,1.32,NA,NA
"Solidago virgaurea","Solidago virgaurea","Solidago","Asteraceae",984.1,28.308,43.45,0.508,0.519,0.201,0.2
"Sonchus arvensis","Sonchus arvensis","Sonchus","Asteraceae",3014.33,NA,46.462,0.923,0.661,0.158,0.119
"Sonchus asper","Sonchus asper","Sonchus","Asteraceae",5059.97,7.226,41.318,0.493,0.268,0.157,0.116
"Sorbus aucuparia","Sorbus aucuparia","Sorbus","Rosaceae",616.09,21.969,69.498,13.475,3.469,0.592,NA
"Sphaeralcea ambigua","Sphaeralcea ambigua","Sphaeralcea","Malvaceae",678.31,46.27,41.029,1.52,1.225,0.236,0.267
"Spiraea betulifolia","Spiraea betulifolia","Spiraea","Rosaceae",NA,NA,NA,0.91,0.292,NA,NA
"Stachys alpina","Stachys alpina","Stachys","Lamiaceae",3162,22.01,NA,0.622,4.645,NA,NA
"Stachys byzantina","Stachys byzantina","Stachys","Lamiaceae",1987,NA,80.032,0.28,1.924,NA,NA
"Stellaria graminea","Stellaria graminea","Stellaria","Caryophyllaceae",110.34,30.526,32.23,0.334,0.277,0.201,NA
"Stellaria longifolia","Stellaria longifolia","Stellaria","Caryophyllaceae",NA,NA,NA,0.178,0.13,NA,NA
"Stellaria media","Stellaria media","Stellaria","Caryophyllaceae",262.73,33.552,20.646,0.152,0.367,0.122,NA
"Stellaria nemorum","Stellaria nemorum","Stellaria","Caryophyllaceae",1545.9,22.43,22.465,0.406,0.224,0.168,0.137
"Stellaria uliginosa","Stellaria uliginosa","Stellaria","Caryophyllaceae",184.81,NA,26.824,0.198,0.063,0.174,0.15
"Stipa aliena","Stipa aliena","Stipa","Poaceae",NA,19.97,NA,NA,NA,NA,NA
"Stipa capillacea","Stipa capillacea","Stipa","Poaceae",NA,9.9,NA,NA,NA,NA,NA
"Stipa capillata","Stipa capillata","Stipa","Poaceae",426,17.367,132.275,0.573,4.91,0.562,0.63
"Stipa purpurea","Stipa purpurea","Stipa","Poaceae",NA,21.482,79.816,NA,NA,NA,NA
"Succisa pratensis","Succisa pratensis","Succisa","Caprifoliaceae",2091.26,14.103,59.805,0.327,1.239,0.257,NA
"Symphoricarpos albus","Symphoricarpos albus","Symphoricarpos","Caprifoliaceae",1318.87,14.504,46.794,1.561,6.742,0.78,NA
"Symphyotrichum ascendens","Symphyotrichum ascendens","Symphyotrichum","Asteraceae",96,15.15,95.238,0.1,0.63,0.206,0.21
"Taraxacum mongolicum","Taraxacum mongolicum","Taraxacum","Asteraceae",9500,NA,52.982,0.15,NA,0.192,0.184
"Thalictrum alpinum","Thalictrum alpinum","Thalictrum","Ranunculaceae",98.43,18.87,70.131,0.052,0.85,0.288,0.367
"Thalictrum aquilegiifolium","Thalictrum aquilegiifolium","Thalictrum","Ranunculaceae",31547,NA,29.18,0.935,3,0.201,0.2
"Thalictrum fendleri","Thalictrum fendleri","Thalictrum","Ranunculaceae",112.78,36.506,48.016,0.58,1.251,0.215,NA
"Thalictrum occidentale","Thalictrum occidentale","Thalictrum","Ranunculaceae",NA,NA,NA,NA,3.7,NA,NA
"Thermopsis lanceolata","Thermopsis lanceolata","Thermopsis","Fabaceae",75,29.33,62.599,0.224,NA,NA,NA
"Thesium alpinum","Thesium alpinum","Thesium","Santalaceae",NA,NA,NA,0.159,3.9,NA,NA
"Thlaspi arvense","Thlaspi arvense","Thlaspi","Brassicaceae",560.33,40.4,45.931,0.261,1.082,0.18,0.16
"Thymus praecox","Thymus praecox","Thymus","Lamiaceae",12.6,26.38,68.729,0.081,0.136,0.22,0.237
"Thymus pulegioides","Thymus pulegioides","Thymus","Lamiaceae",152.75,16.51,43.019,0.176,0.147,NA,NA
"Thymus serpyllum","Thymus serpyllum","Thymus","Lamiaceae",7.3,22.5,131.975,0.06,0.188,0.246,0.287
"Tofieldia calyculata","Tofieldia calyculata","Tofieldia","Tofieldiaceae",NA,15.69,57.307,NA,0.036,0.207,0.23
"Tofieldia pusilla","Tofieldia pusilla","Tofieldia","Tofieldiaceae",49.79,15.257,60.907,0.064,0.035,0.253,0.282
"Tragopogon dubius","Tragopogon dubius","Tragopogon","Asteraceae",610.56,26.31,46.2,0.487,8.214,0.367,NA
"Tragopogon orientalis","Tragopogon orientalis","Tragopogon","Asteraceae",NA,NA,NA,0.4,NA,NA,NA
"Tragopogon pratensis","Tragopogon pratensis","Tragopogon","Asteraceae",681.68,21.9,42.594,0.47,7.063,0.161,NA
"Trichophorum cespitosum","Trichophorum cespitosum","Trichophorum","Cyperaceae",NA,19.35,145.028,0.215,0.36,0.318,0.355
"Trifolium alpestre","Trifolium alpestre","Trifolium","Fabaceae",235.26,25,83.539,0.215,1.29,0.309,NA
"Trifolium alpinum","Trifolium alpinum","Trifolium","Fabaceae",NA,34.237,58.078,0.109,5.101,0.215,NA
"Trifolium badium","Trifolium badium","Trifolium","Fabaceae",108.32,44.95,20.412,0.144,0.884,0.165,0.17
"Trifolium campestre","Trifolium campestre","Trifolium","Fabaceae",NA,38.786,31.8,0.231,0.263,0.339,NA
"Trifolium dubium","Trifolium dubium","Trifolium","Fabaceae",39.8,33.31,39.866,0.208,0.353,0.33,NA
"Trifolium hybridum","Trifolium hybridum","Trifolium","Fabaceae",1410.42,42.613,43.737,0.433,0.719,0.21,0.234
"Trifolium medium","Trifolium medium","Trifolium","Fabaceae",479,33.6,55.237,0.284,2.091,0.279,NA
"Trifolium montanum","Trifolium montanum","Trifolium","Fabaceae",739.36,35.432,51.132,0.275,0.735,0.224,0.255
"Trifolium pallescens","Trifolium pallescens","Trifolium","Fabaceae",NA,24.441,71.7,0.129,0.62,0.213,0.24
"Trifolium pratense","Trifolium pratense","Trifolium","Fabaceae",479.71,39.003,43.367,0.307,1.558,0.206,NA
"Trifolium repens","Trifolium repens","Trifolium","Fabaceae",204.05,42.365,37.157,0.158,0.534,0.151,NA
"Trifolium thalii","Trifolium thalii","Trifolium","Fabaceae",NA,30.38,60.942,0.061,1.02,NA,NA
"Trisetum flavescens","Trisetum flavescens","Trisetum","Poaceae",329.18,23.955,45.072,0.358,0.268,0.335,NA
"Trollius chinensis","Trollius chinensis","Trollius","Ranunculaceae",NA,NA,NA,1,NA,NA,NA
"Trollius europaeus","Trollius europaeus","Trollius","Ranunculaceae",5700.62,23.954,48.033,0.346,0.897,0.194,0.187
"Urtica dioica","Urtica dioica","Urtica","Urticaceae",1552.74,42.917,34.575,0.883,0.14,0.118,NA
"Vaccinium membranaceum","Vaccinium membranaceum","Vaccinium","Ericaceae",NA,NA,NA,1.37,0.16,NA,NA
"Vaccinium myrtillus","Vaccinium myrtillus","Vaccinium","Ericaceae",145.27,16.398,51.936,0.224,0.292,0.459,NA
"Vaccinium scoparium","Vaccinium scoparium","Vaccinium","Ericaceae",NA,NA,NA,0.6,1.618,NA,NA
"Vaccinium uliginosum","Vaccinium uliginosum","Vaccinium","Ericaceae",81.46,21.857,69.129,0.173,0.214,NA,NA
"Vaccinium vitis-idaea","Vaccinium vitis-idaea","Vaccinium","Ericaceae",75.3,10.574,130.791,0.14,0.309,0.38,NA
"Valeriana capitata","Valeriana capitata","Valeriana","Caprifoliaceae",NA,NA,NA,0.05,NA,NA,NA
"Valeriana edulis","Valeriana edulis","Valeriana","Caprifoliaceae",2349.53,NA,78.808,NA,NA,NA,NA
"Veratrum album","Veratrum album","Veratrum","Melanthiaceae",12929.81,38.06,36.075,0.852,3.571,0.127,0.14
"Veratrum californicum","Veratrum californicum","Veratrum","Melanthiaceae",27345.98,NA,71.399,1.82,1.97,NA,NA
"Verbascum thapsus","Verbascum thapsus","Verbascum","Scrophulariaceae",7045.53,21.624,66.692,0.879,0.089,0.231,NA
"Verbena macdougalii","Verbena macdougalii","Verbena","Verbenaceae",NA,NA,NA,0.4,0.447,NA,NA
"Veronica allionii","Veronica allionii","Veronica","Plantaginaceae",NA,NA,NA,0.091,NA,NA,NA
"Veronica alpina","Veronica alpina","Veronica","Plantaginaceae",55.93,30.962,38.306,0.066,0.07,0.206,0.21
"Veronica aphylla","Veronica aphylla","Veronica","Plantaginaceae",NA,NA,NA,0.03,NA,NA,NA
"Veronica arvensis","Veronica arvensis","Veronica","Plantaginaceae",44.19,19.858,41.236,0.077,0.113,0.175,NA
"Veronica chamaedrys","Veronica chamaedrys","Veronica","Plantaginaceae",300.12,21.614,34.383,0.2,0.19,0.212,NA
"Veronica filiformis","Veronica filiformis","Veronica","Plantaginaceae",49.84,9.372,28.211,0.153,0.27,0.18,0.161
"Veronica fruticans","Veronica fruticans","Veronica","Plantaginaceae",17.46,NA,58.411,0.086,0.132,0.222,0.24
"Veronica hederifolia","Veronica hederifolia","Veronica","Plantaginaceae",260.68,14.168,36.641,0.161,3.742,0.139,0.083
"Veronica montana","Veronica montana","Veronica","Plantaginaceae",458,20.037,30.291,0.268,0.392,0.237,0.27
"Veronica officinalis","Veronica officinalis","Veronica","Plantaginaceae",87.3,18.271,39.259,0.126,0.123,0.217,0.231
"Veronica persica","Veronica persica","Veronica","Plantaginaceae",492.06,23.717,26.504,0.164,0.576,0.292,NA
"Veronica praecox","Veronica praecox","Veronica","Plantaginaceae",32,NA,NA,0.088,0.182,NA,NA
"Veronica serpyllifolia","Veronica serpyllifolia","Veronica","Plantaginaceae",188,NA,43.711,0.134,0.046,0.185,0.17
"Veronica triphyllos","Veronica triphyllos","Veronica","Plantaginaceae",42.25,NA,29.735,0.087,0.383,0.18,0.16
"Vicia americana","Vicia americana","Vicia","Fabaceae",83.89,42.077,41.354,0.325,12.895,0.261,NA
"Vicia cracca","Vicia cracca","Vicia","Fabaceae",713.54,39.207,44.04,0.626,15.28,0.233,NA
"Vicia hirsuta","Vicia hirsuta","Vicia","Fabaceae",14.13,43.2,45.501,0.316,5.42,0.211,0.236
"Vicia sepium","Vicia sepium","Vicia","Fabaceae",59.14,46,25.593,0.445,19.467,0.284,0.342
"Vicia tetrasperma","Vicia tetrasperma","Vicia","Fabaceae",278.3,NA,32.02,0.4,3.527,0.241,0.28
"Vicia villosa","Vicia villosa","Vicia","Fabaceae",NA,29.6,38.817,0.697,34.835,0.158,0.16
"Viola adunca","Viola adunca","Viola","Violaceae",157.63,15.875,81.639,0.03,0.79,NA,NA
"Viola biflora","Viola biflora","Viola","Violaceae",140.22,38.93,19.116,0.11,0.74,0.164,0.13
"Viola calcarata","Viola calcarata","Viola","Violaceae",57.05,40.509,53.045,0.053,NA,0.201,0.201
"Viola canina","Viola canina","Viola","Violaceae",523.77,31.511,39.833,0.165,0.879,0.189,NA
"Viola collina","Viola collina","Viola","Violaceae",NA,NA,NA,0.073,1.9,NA,NA
"Viola hirta","Viola hirta","Viola","Violaceae",3523.23,19.1,53.523,0.073,3.055,0.216,0.23
"Viola nuttallii","Viola nuttallii","Viola","Violaceae",NA,NA,NA,NA,2.9,NA,NA
"Viola odorata","Viola odorata","Viola","Violaceae",1826.57,17.061,39.063,0.089,3.457,0.199,0.197
"Viola palustris","Viola palustris","Viola","Violaceae",1064.48,NA,27.29,0.096,0.734,0.183,0.166
"Viola reichenbachiana","Viola reichenbachiana","Viola","Violaceae",487.8,23.367,33.343,0.136,1.545,0.211,0.22
"Viola riviniana","Viola riviniana","Viola","Violaceae",532,25.915,40.523,0.185,1.175,0.2,NA
"Viola tricolor","Viola tricolor","Viola","Violaceae",167.92,25.459,37.244,0.162,0.593,0.165,NA
"Xanthisma gracile","Xanthisma gracile","Xanthisma","Asteraceae",NA,NA,NA,NA,0.23,NA,NA
"Alchemilla",NA,"Alchemilla","Rosaceae",NA,NA,NA,NA,NA,NA,NA
"Bistorta vivipara","Bistorta vivipara","Bistorta","Polygonaceae",NA,NA,NA,NA,NA,NA,NA
"Sagina",NA,"Sagina","Caryophyllaceae",NA,NA,NA,NA,NA,NA,NA
"Taraxacum",NA,"Taraxacum","Asteraceae",NA,NA,NA,NA,NA,NA,NA
"Avenella flexuosa","Avenella flexuosa","Avenella","Poaceae",NA,NA,NA,NA,NA,NA,NA
"Pyrola",NA,"Pyrola","Ericaceae",NA,NA,NA,NA,NA,NA,NA
"Carex",NA,"Carex","Cyperaceae",NA,NA,NA,NA,NA,NA,NA
"Epilobium",NA,"Epilobium","Onagraceae",NA,NA,NA,NA,NA,NA,NA
"Euphrasia",NA,"Euphrasia","Orobanchaceae",NA,NA,NA,NA,NA,NA,NA
"Gentiana",NA,"Gentiana","Gentianaceae",NA,NA,NA,NA,NA,NA,NA
"Luzula",NA,"Luzula","Juncaceae",NA,NA,NA,NA,NA,NA,NA
"Noccaea caerulescens","Noccaea caerulescens","Noccaea","Brassicaceae",NA,NA,NA,NA,NA,NA,NA
"Veronica",NA,"Veronica","Plantaginaceae",NA,NA,NA,NA,NA,NA,NA
"Avenula pubescens","Avenula pubescens","Avenula","Poaceae",NA,NA,NA,NA,NA,NA,NA
"Viscaria vulgaris","Viscaria vulgaris","Viscaria","Caryophyllaceae",NA,NA,NA,NA,NA,NA,NA
"Oreojuncus trifidus","Oreojuncus trifidus","Oreojuncus","Juncaceae",NA,NA,NA,NA,NA,NA,NA
"Dianthus meducensis","Dianthus meducensis","Dianthus","Caryophyllaceae",NA,NA,NA,NA,NA,NA,NA
"Cerastium",NA,"Cerastium","Caryophyllaceae",NA,NA,NA,NA,NA,NA,NA
"Valeriana excelsa","Valeriana excelsa","Valeriana","Caprifoliaceae",NA,NA,NA,NA,NA,NA,NA
"Hieracium",NA,"Hieracium","Asteraceae",NA,NA,NA,NA,NA,NA,NA
"Rhodiola rosea","Rhodiola rosea","Rhodiola","Crassulaceae",NA,NA,NA,NA,NA,NA,NA
"Salix",NA,"Salix","Salicaceae",NA,NA,NA,NA,NA,NA,NA
"Kalmia procumbens","Kalmia procumbens","Kalmia","Ericaceae",NA,NA,NA,NA,NA,NA,NA
"Anemonoides altaica","Anemonoides altaica","Anemonoides","Ranunculaceae",NA,NA,NA,NA,NA,NA,NA
"Dryopteris",NA,"Dryopteris","Dryopteridaceae",NA,NA,NA,NA,NA,NA,NA
"Dianthus lanceolatus","Dianthus lanceolatus","Dianthus","Caryophyllaceae",NA,NA,NA,NA,NA,NA,NA
"Viola",NA,"Viola","Violaceae",NA,NA,NA,NA,NA,NA,NA
"Carex simpliciuscula","Carex simpliciuscula","Carex","Cyperaceae",NA,NA,NA,NA,NA,NA,NA
"Viscaria alpina","Viscaria alpina","Viscaria","Caryophyllaceae",NA,NA,NA,NA,NA,NA,NA
"Aconitum septentrionale","Aconitum septentrionale","Aconitum","Ranunculaceae",NA,NA,NA,NA,NA,NA,NA
"Omalotheca sylvatica","Omalotheca sylvatica","Omalotheca","Asteraceae",NA,NA,NA,NA,NA,NA,NA
"Agrostis schraderiana","Agrostis schraderiana","Agrostis","Poaceae",NA,NA,NA,NA,NA,NA,NA
"Anthoxanthum nipponicum","Anthoxanthum nipponicum","Anthoxanthum","Poaceae",NA,NA,NA,NA,NA,NA,NA
"Pulsatilla alpina","Pulsatilla alpina","Pulsatilla","Ranunculaceae",NA,NA,NA,NA,NA,NA,NA
"Mutellina purpurea","Mutellina purpurea","Mutellina","Apiaceae",NA,NA,NA,NA,NA,NA,NA
"Carex myosuroides","Carex myosuroides","Carex","Cyperaceae",NA,NA,NA,NA,NA,NA,NA
"Aster bellidiastrum","Aster bellidiastrum","Aster","Asteraceae",NA,NA,NA,NA,NA,NA,NA
"Neogaya simplex","Neogaya simplex","Neogaya","Apiaceae",NA,NA,NA,NA,NA,NA,NA
"Pulsatilla vernalis","Pulsatilla vernalis","Pulsatilla","Ranunculaceae",NA,NA,NA,NA,NA,NA,NA
"Asteraceae",NA,NA,"Asteraceae",NA,NA,NA,NA,NA,NA,NA
"Centaurea montana","Centaurea montana","Centaurea","Asteraceae",NA,NA,NA,NA,NA,NA,NA
"Alchemilla vulgaris","Alchemilla vulgaris","Alchemilla","Rosaceae",NA,NA,NA,NA,NA,NA,NA
"Gnaphalium",NA,"Gnaphalium","Asteraceae",NA,NA,NA,NA,NA,NA,NA
"Leontodon hyoseroides","Leontodon hyoseroides","Leontodon","Asteraceae",NA,NA,NA,NA,NA,NA,NA
"Ranunculus tuberosus","Ranunculus tuberosus","Ranunculus","Ranunculaceae",NA,NA,NA,NA,NA,NA,NA
"Taraxacum officinale","Taraxacum officinale","Taraxacum","Asteraceae",NA,NA,NA,NA,NA,NA,NA
"Festuca",NA,"Festuca","Poaceae",NA,NA,NA,NA,NA,NA,NA
"Silene",NA,"Silene","Caryophyllaceae",NA,NA,NA,NA,NA,NA,NA
"Phyteuma",NA,"Phyteuma","Campanulaceae",NA,NA,NA,NA,NA,NA,NA
"Poa",NA,"Poa","Poaceae",NA,NA,NA,NA,NA,NA,NA
"Polygaloides chamaebuxus","Polygaloides chamaebuxus","Polygaloides","Polygalaceae",NA,NA,NA,NA,NA,NA,NA
"Fabaceae",NA,NA,"Fabaceae",NA,NA,NA,NA,NA,NA,NA
"Trifolium",NA,"Trifolium","Fabaceae",NA,NA,NA,NA,NA,NA,NA
"Poaceae",NA,NA,"Poaceae",NA,NA,NA,NA,NA,NA,NA
"Ranunculus",NA,"Ranunculus","Ranunculaceae",NA,NA,NA,NA,NA,NA,NA
"Leontodon",NA,"Leontodon","Asteraceae",NA,NA,NA,NA,NA,NA,NA
"Polygala",NA,"Polygala","Polygalaceae",NA,NA,NA,NA,NA,NA,NA
"Picris",NA,"Picris","Asteraceae",NA,NA,NA,NA,NA,NA,NA
"Myosotis",NA,"Myosotis","Boraginaceae",NA,NA,NA,NA,NA,NA,NA
"Orchidaceae",NA,NA,"Orchidaceae",NA,NA,NA,NA,NA,NA,NA
"Primula",NA,"Primula","Primulaceae",NA,NA,NA,NA,NA,NA,NA
"Koeleria spicata","Koeleria spicata","Koeleria","Poaceae",NA,NA,NA,NA,NA,NA,NA
"Sedum",NA,"Sedum","Crassulaceae",NA,NA,NA,NA,NA,NA,NA
"Tragopogon",NA,"Tragopogon","Asteraceae",NA,NA,NA,NA,NA,NA,NA
"Galium",NA,"Galium","Rubiaceae",NA,NA,NA,NA,NA,NA,NA
"Thymus",NA,"Thymus","Lamiaceae",NA,NA,NA,NA,NA,NA,NA
"Helictotrichon",NA,"Helictotrichon","Poaceae",NA,NA,NA,NA,NA,NA,NA
"Potentilla brauneana","Potentilla brauneana","Potentilla","Rosaceae",NA,NA,NA,NA,NA,NA,NA
"Helictochloa pratensis","Helictochloa pratensis","Helictochloa","Poaceae",NA,NA,NA,NA,NA,NA,NA
"Erigeron",NA,"Erigeron","Asteraceae",NA,NA,NA,NA,NA,NA,NA
"Carlina",NA,"Carlina","Asteraceae",NA,NA,NA,NA,NA,NA,NA
"Gymnadenia",NA,"Gymnadenia","Orchidaceae",NA,NA,NA,NA,NA,NA,NA
"Prunella",NA,"Prunella","Lamiaceae",NA,NA,NA,NA,NA,NA,NA
"Veronica teucrium","Veronica teucrium","Veronica","Plantaginaceae",NA,NA,NA,NA,NA,NA,NA
"Astragalus",NA,"Astragalus","Fabaceae",NA,NA,NA,NA,NA,NA,NA
"Campanula",NA,"Campanula","Campanulaceae",NA,NA,NA,NA,NA,NA,NA
"Cirsium",NA,"Cirsium","Asteraceae",NA,NA,NA,NA,NA,NA,NA
"Pinus",NA,"Pinus","Pinaceae",NA,NA,NA,NA,NA,NA,NA
"Carduus",NA,"Carduus","Asteraceae",NA,NA,NA,NA,NA,NA,NA
"Phyteuma scaposum","Phyteuma scaposum","Phyteuma","Campanulaceae",NA,NA,NA,NA,NA,NA,NA
"Plantago",NA,"Plantago","Plantaginaceae",NA,NA,NA,NA,NA,NA,NA
"Petasites",NA,"Petasites","Asteraceae",NA,NA,NA,NA,NA,NA,NA
"Rumex",NA,"Rumex","Polygonaceae",NA,NA,NA,NA,NA,NA,NA
"Arenaria",NA,"Arenaria","Caryophyllaceae",NA,NA,NA,NA,NA,NA,NA
"Arnica",NA,"Arnica","Asteraceae",NA,NA,NA,NA,NA,NA,NA
"Senecio crassulus","Senecio crassulus","Senecio","Asteraceae",NA,NA,NA,NA,NA,NA,NA
"Lupinus",NA,"Lupinus","Fabaceae",NA,NA,NA,NA,NA,NA,NA
"Poa reflexa","Poa reflexa","Poa","Poaceae",NA,NA,NA,NA,NA,NA,NA
"Eriocoma nelsonii","Eriocoma nelsonii","Eriocoma","Poaceae",NA,NA,NA,NA,NA,NA,NA
"Mertensia brevistyla","Mertensia brevistyla","Mertensia","Boraginaceae",NA,NA,NA,NA,NA,NA,NA
"Castilleja septentrionalis","Castilleja septentrionalis","Castilleja","Orobanchaceae",NA,NA,NA,NA,NA,NA,NA
"Senecio",NA,"Senecio","Asteraceae",NA,NA,NA,NA,NA,NA,NA
"Erigeron elatior","Erigeron elatior","Erigeron","Asteraceae",NA,NA,NA,NA,NA,NA,NA
"Brassicaceae",NA,NA,"Brassicaceae",NA,NA,NA,NA,NA,NA,NA
"Elymus bakeri","Elymus bakeri","Elymus","Poaceae",NA,NA,NA,NA,NA,NA,NA
"Noccaea fendleri","Noccaea fendleri","Noccaea","Brassicaceae",NA,NA,NA,NA,NA,NA,NA
"Atriplex argentea","Atriplex argentea","Atriplex","Amaranthaceae",NA,NA,NA,NA,NA,NA,NA
"Draba spectabilis","Draba spectabilis","Draba","Brassicaceae",NA,NA,NA,NA,NA,NA,NA
"Elymus violaceus","Elymus violaceus","Elymus","Poaceae",NA,NA,NA,NA,NA,NA,NA
"Dracophyllum",NA,"Dracophyllum","Ericaceae",NA,NA,NA,NA,NA,NA,NA
"Eurybia conspicua","Eurybia conspicua","Eurybia","Asteraceae",NA,NA,NA,NA,NA,NA,NA
"Drymocallis glandulosa","Drymocallis glandulosa","Drymocallis","Rosaceae",NA,NA,NA,NA,NA,NA,NA
"Bromus porteri","Bromus porteri","Bromus","Poaceae",NA,NA,NA,NA,NA,NA,NA
"Lithophragma parviflorum","Lithophragma parviflorum","Lithophragma","Saxifragaceae",NA,NA,NA,NA,NA,NA,NA
"Micranthes occidentalis","Micranthes occidentalis","Micranthes","Saxifragaceae",NA,NA,NA,NA,NA,NA,NA
"Noccaea montana","Noccaea montana","Noccaea","Brassicaceae",NA,NA,NA,NA,NA,NA,NA
"Perideridia montana","Perideridia montana","Perideridia","Apiaceae",NA,NA,NA,NA,NA,NA,NA
"Ranunculus acriformis","Ranunculus acriformis","Ranunculus","Ranunculaceae",NA,NA,NA,NA,NA,NA,NA
"Kleinia grandiflora","Kleinia grandiflora","Kleinia","Asteraceae",NA,NA,NA,NA,NA,NA,NA
"Vaccinium globulare","Vaccinium globulare","Vaccinium","Ericaceae",NA,NA,NA,NA,NA,NA,NA
"Symphyotrichum campestre","Symphyotrichum campestre","Symphyotrichum","Asteraceae",NA,NA,NA,NA,NA,NA,NA
"Nemophila breviflora","Nemophila breviflora","Nemophila","Boraginaceae",NA,NA,NA,NA,NA,NA,NA
"Geum",NA,"Geum","Rosaceae",NA,NA,NA,NA,NA,NA,NA
"Lithophragma",NA,"Lithophragma","Saxifragaceae",NA,NA,NA,NA,NA,NA,NA
"Noticastrum adscendens","Noticastrum adscendens","Noticastrum","Asteraceae",NA,NA,NA,NA,NA,NA,NA
"Stellaria",NA,"Stellaria","Caryophyllaceae",NA,NA,NA,NA,NA,NA,NA
"Packera cymbalaria","Packera cymbalaria","Packera","Asteraceae",NA,NA,NA,NA,NA,NA,NA
"Allium brevistylum","Allium brevistylum","Allium","Amaryllidaceae",NA,NA,NA,NA,NA,NA,NA
"Viola orbiculata","Viola orbiculata","Viola","Violaceae",NA,NA,NA,NA,NA,NA,NA
"Muhlenbergia tricholepis","Muhlenbergia tricholepis","Muhlenbergia","Poaceae",NA,NA,NA,NA,NA,NA,NA
"Bouteloua gracilis","Bouteloua gracilis","Bouteloua","Poaceae",NA,NA,NA,NA,NA,NA,NA
"Poa interior","Poa interior","Poa","Poaceae",NA,NA,NA,NA,NA,NA,NA
"Hymenothrix dissecta","Hymenothrix dissecta","Hymenothrix","Asteraceae",NA,NA,NA,NA,NA,NA,NA
"Chenopodium atrovirens","Chenopodium atrovirens","Chenopodium","Amaranthaceae",NA,NA,NA,NA,NA,NA,NA
"Euphorbia serpillifolia","Euphorbia serpillifolia","Euphorbia","Euphorbiaceae",NA,NA,NA,NA,NA,NA,NA
"Euphorbia serrula","Euphorbia serrula","Euphorbia","Euphorbiaceae",NA,NA,NA,NA,NA,NA,NA
"Dysphania incisa","Dysphania incisa","Dysphania","Amaranthaceae",NA,NA,NA,NA,NA,NA,NA
"Lappula occidentalis","Lappula occidentalis","Lappula","Boraginaceae",NA,NA,NA,NA,NA,NA,NA
"Townsendia smithii","Townsendia smithii","Townsendia","Asteraceae",NA,NA,NA,NA,NA,NA,NA
"Carex tristachya","Carex tristachya","Carex","Cyperaceae",NA,NA,NA,NA,NA,NA,NA
"Carex alatauensis","Carex alatauensis","Carex","Cyperaceae",NA,NA,NA,NA,NA,NA,NA
"Anaphalis xylorhiza","Anaphalis xylorhiza","Anaphalis","Asteraceae",NA,NA,NA,NA,NA,NA,NA
"Carex parvula","Carex parvula","Carex","Cyperaceae",NA,NA,NA,NA,NA,NA,NA
"Cyananthus incanus","Cyananthus incanus","Cyananthus","Campanulaceae",NA,NA,NA,NA,NA,NA,NA
"Androsace tapete","Androsace tapete","Androsace","Primulaceae",NA,NA,NA,NA,NA,NA,NA
"Gentiana squarrosa","Gentiana squarrosa","Gentiana","Gentianaceae",NA,NA,NA,NA,NA,NA,NA
"Saussurea ceterach","Saussurea ceterach","Saussurea","Asteraceae",NA,NA,NA,NA,NA,NA,NA
"Hymenidium hookeri","Hymenidium hookeri","Hymenidium","Apiaceae",NA,NA,NA,NA,NA,NA,NA
"Anemonastrum polyanthes","Anemonastrum polyanthes","Anemonastrum","Ranunculaceae",NA,NA,NA,NA,NA,NA,NA
"Leontopodium",NA,"Leontopodium","Asteraceae",NA,NA,NA,NA,NA,NA,NA
"Carex sargentiana","Carex sargentiana","Carex","Cyperaceae",NA,NA,NA,NA,NA,NA,NA
"Euphorbia pekinensis","Euphorbia pekinensis","Euphorbia","Euphorbiaceae",NA,NA,NA,NA,NA,NA,NA
"Oxytropis cinerascens","Oxytropis cinerascens","Oxytropis","Fabaceae",NA,NA,NA,NA,NA,NA,NA
"Polygonaceae",NA,NA,"Polygonaceae",NA,NA,NA,NA,NA,NA,NA
"Androsace mariae","Androsace mariae","Androsace","Primulaceae",NA,NA,NA,NA,NA,NA,NA
"Potentilla lindleyi","Potentilla lindleyi","Potentilla","Rosaceae",NA,NA,NA,NA,NA,NA,NA
"Rhodiola quadrifida","Rhodiola quadrifida","Rhodiola","Crassulaceae",NA,NA,NA,NA,NA,NA,NA
"Leontopodium japonicum","Leontopodium japonicum","Leontopodium","Asteraceae",NA,NA,NA,NA,NA,NA,NA
"Microula sikkimensis","Microula sikkimensis","Microula","Boraginaceae",NA,NA,NA,NA,NA,NA,NA
"Euphorbia stracheyi","Euphorbia stracheyi","Euphorbia","Euphorbiaceae",NA,NA,NA,NA,NA,NA,NA
"Lycoris radiata","Lycoris radiata","Lycoris","Amaryllidaceae",NA,NA,NA,NA,NA,NA,NA
"Potentilla",NA,"Potentilla","Rosaceae",NA,NA,NA,NA,NA,NA,NA
"Artemisia hedinii","Artemisia hedinii","Artemisia","Asteraceae",NA,NA,NA,NA,NA,NA,NA
"Eritrichium hemisphaericum","Eritrichium hemisphaericum","Eritrichium","Boraginaceae",NA,NA,NA,NA,NA,NA,NA
"Incarvillea sinensis","Incarvillea sinensis","Incarvillea","Bignoniaceae",NA,NA,NA,NA,NA,NA,NA
"Androsace graminifolia","Androsace graminifolia","Androsace","Primulaceae",NA,NA,NA,NA,NA,NA,NA
"Youngia simulatrix","Youngia simulatrix","Youngia","Asteraceae",NA,NA,NA,NA,NA,NA,NA
"Arenaria roborowskii","Arenaria roborowskii","Arenaria","Caryophyllaceae",NA,NA,NA,NA,NA,NA,NA
"Cyananthus hookeri","Cyananthus hookeri","Cyananthus","Campanulaceae",NA,NA,NA,NA,NA,NA,NA
"Gentiana parvula","Gentiana parvula","Gentiana","Gentianaceae",NA,NA,NA,NA,NA,NA,NA
"Euphorbia prolifera","Euphorbia prolifera","Euphorbia","Euphorbiaceae",NA,NA,NA,NA,NA,NA,NA
"Fragaria nubicola","Fragaria nubicola","Fragaria","Rosaceae",NA,NA,NA,NA,NA,NA,NA
"Fragaria",NA,"Fragaria","Rosaceae",NA,NA,NA,NA,NA,NA,NA
"Hordeum",NA,"Hordeum","Poaceae",NA,NA,NA,NA,NA,NA,NA
"Rubus",NA,"Rubus","Rosaceae",NA,NA,NA,NA,NA,NA,NA
"Clinopodium polycephalum","Clinopodium polycephalum","Clinopodium","Lamiaceae",NA,NA,NA,NA,NA,NA,NA
"Epilobium fangii","Epilobium fangii","Epilobium","Onagraceae",NA,NA,NA,NA,NA,NA,NA
"Geranium pylzowianum","Geranium pylzowianum","Geranium","Geraniaceae",NA,NA,NA,NA,NA,NA,NA
"Juncus leucanthus","Juncus leucanthus","Juncus","Juncaceae",NA,NA,NA,NA,NA,NA,NA
"Ligusticopsis scapiformis","Ligusticopsis scapiformis","Ligusticopsis","Apiaceae",NA,NA,NA,NA,NA,NA,NA
"Oxytropis yunnanensis","Oxytropis yunnanensis","Oxytropis","Fabaceae",NA,NA,NA,NA,NA,NA,NA
"Pedicularis sima","Pedicularis sima","Pedicularis","Orobanchaceae",NA,NA,NA,NA,NA,NA,NA
"Polygonum cyanandrum","Polygonum cyanandrum","Polygonum","Polygonaceae",NA,NA,NA,NA,NA,NA,NA
"Potentilla leuconota","Potentilla leuconota","Potentilla","Rosaceae",NA,NA,NA,NA,NA,NA,NA
"Veronica szechuanica","Veronica szechuanica","Veronica","Plantaginaceae",NA,NA,NA,NA,NA,NA,NA
"Allium prattii","Allium prattii","Allium","Amaryllidaceae",NA,NA,NA,NA,NA,NA,NA
"Hedysarum algidum","Hedysarum algidum","Hedysarum","Fabaceae",NA,NA,NA,NA,NA,NA,NA
"Maianthemum japonicum","Maianthemum japonicum","Maianthemum","Asparagaceae",NA,NA,NA,NA,NA,NA,NA
"Agrostis nervosa","Agrostis nervosa","Agrostis","Poaceae",NA,NA,NA,NA,NA,NA,NA
"Galearis spathulata","Galearis spathulata","Galearis","Orchidaceae",NA,NA,NA,NA,NA,NA,NA
"Ligularia pleurocaulis","Ligularia pleurocaulis","Ligularia","Asteraceae",NA,NA,NA,NA,NA,NA,NA
"Potentilla stenophylla","Potentilla stenophylla","Potentilla","Rosaceae",NA,NA,NA,NA,NA,NA,NA
"Soroseris hookeriana","Soroseris hookeriana","Soroseris","Asteraceae",NA,NA,NA,NA,NA,NA,NA
"Swertia macrosperma","Swertia macrosperma","Swertia","Gentianaceae",NA,NA,NA,NA,NA,NA,NA
"Viola szetschwanensis","Viola szetschwanensis","Viola","Violaceae",NA,NA,NA,NA,NA,NA,NA
"Rhodiola yunnanensis","Rhodiola yunnanensis","Rhodiola","Crassulaceae",NA,NA,NA,NA,NA,NA,NA
"Cerastium szechuense","Cerastium szechuense","Cerastium","Caryophyllaceae",NA,NA,NA,NA,NA,NA,NA
"Gentiana crassuloides","Gentiana crassuloides","Gentiana","Gentianaceae",NA,NA,NA,NA,NA,NA,NA
"Pedicularis mussotii","Pedicularis mussotii","Pedicularis","Orobanchaceae",NA,NA,NA,NA,NA,NA,NA
"Androsace minor","Androsace minor","Androsace","Primulaceae",NA,NA,NA,NA,NA,NA,NA
"Berberis jamesiana","Berberis jamesiana","Berberis","Berberidaceae",NA,NA,NA,NA,NA,NA,NA
"Aletris pauciflora","Aletris pauciflora","Aletris","Nartheciaceae",NA,NA,NA,NA,NA,NA,NA
"Carex cercostachys","Carex cercostachys","Carex","Cyperaceae",NA,NA,NA,NA,NA,NA,NA
"Saussurea graminea","Saussurea graminea","Saussurea","Asteraceae",NA,NA,NA,NA,NA,NA,NA
"Tanacetum tatsienense","Tanacetum tatsienense","Tanacetum","Asteraceae",NA,NA,NA,NA,NA,NA,NA
"Parnassia",NA,"Parnassia","Celastraceae",NA,NA,NA,NA,NA,NA,NA
"Anemonastrum demissum","Anemonastrum demissum","Anemonastrum","Ranunculaceae",NA,NA,NA,NA,NA,NA,NA
"Sibbaldia pentaphylla","Sibbaldia pentaphylla","Sibbaldia","Rosaceae",NA,NA,NA,NA,NA,NA,NA
"Pedicularis rhynchodonta","Pedicularis rhynchodonta","Pedicularis","Orobanchaceae",NA,NA,NA,NA,NA,NA,NA
"Rhododendron websterianum","Rhododendron websterianum","Rhododendron","Ericaceae",NA,NA,NA,NA,NA,NA,NA
"Salix lindleyana","Salix lindleyana","Salix","Salicaceae",NA,NA,NA,NA,NA,NA,NA
"Saussurea pachyneura","Saussurea pachyneura","Saussurea","Asteraceae",NA,NA,NA,NA,NA,NA,NA
"Anaphalis flavescens","Anaphalis flavescens","Anaphalis","Asteraceae",NA,NA,NA,NA,NA,NA,NA
"Aster asteroides","Aster asteroides","Aster","Asteraceae",NA,NA,NA,NA,NA,NA,NA
"Chamaesium viridiflorum","Chamaesium viridiflorum","Chamaesium","Apiaceae",NA,NA,NA,NA,NA,NA,NA
"Codonopsis foetens","Codonopsis foetens","Codonopsis","Campanulaceae",NA,NA,NA,NA,NA,NA,NA
"Rheum pumilum","Rheum pumilum","Rheum","Polygonaceae",NA,NA,NA,NA,NA,NA,NA
"Juncus allioides","Juncus allioides","Juncus","Juncaceae",NA,NA,NA,NA,NA,NA,NA
"Pedicularis davidii","Pedicularis davidii","Pedicularis","Orobanchaceae",NA,NA,NA,NA,NA,NA,NA
"Polygonum runcinatum","Polygonum runcinatum","Polygonum","Polygonaceae",NA,NA,NA,NA,NA,NA,NA
"Carpesium humile","Carpesium humile","Carpesium","Asteraceae",NA,NA,NA,NA,NA,NA,NA
"Juncus himalensis","Juncus himalensis","Juncus","Juncaceae",NA,NA,NA,NA,NA,NA,NA
"Artemisia flaccida","Artemisia flaccida","Artemisia","Asteraceae",NA,NA,NA,NA,NA,NA,NA
"Youngia racemifera","Youngia racemifera","Youngia","Asteraceae",NA,NA,NA,NA,NA,NA,NA
"Anaphalis aureopunctata","Anaphalis aureopunctata","Anaphalis","Asteraceae",NA,NA,NA,NA,NA,NA,NA
"Arisaema parvum","Arisaema parvum","Arisaema","Araceae",NA,NA,NA,NA,NA,NA,NA
"Notholirion bulbuliferum","Notholirion bulbuliferum","Notholirion","Liliaceae",NA,NA,NA,NA,NA,NA,NA
"Parasenecio latipes","Parasenecio latipes","Parasenecio","Asteraceae",NA,NA,NA,NA,NA,NA,NA
"Polygonatum cirrhifolium","Polygonatum cirrhifolium","Polygonatum","Asparagaceae",NA,NA,NA,NA,NA,NA,NA
"Rhodiola fastigiata","Rhodiola fastigiata","Rhodiola","Crassulaceae",NA,NA,NA,NA,NA,NA,NA
"Primula serratifolia","Primula serratifolia","Primula","Primulaceae",NA,NA,NA,NA,NA,NA,NA
"Athyrium spinulosum","Athyrium spinulosum","Athyrium","Aspleniaceae",NA,NA,NA,NA,NA,NA,NA
"Sedum triactina","Sedum triactina","Sedum","Crassulaceae",NA,NA,NA,NA,NA,NA,NA
"Morina nepalensis","Morina nepalensis","Morina","Caprifoliaceae",NA,NA,NA,NA,NA,NA,NA
"Euphorbia",NA,"Euphorbia","Euphorbiaceae",NA,NA,NA,NA,NA,NA,NA
"Allium sikkimense","Allium sikkimense","Allium","Amaryllidaceae",NA,NA,NA,NA,NA,NA,NA
"Fargesia",NA,"Fargesia","Poaceae",NA,NA,NA,NA,NA,NA,NA
"Saussurea stella","Saussurea stella","Saussurea","Asteraceae",NA,NA,NA,NA,NA,NA,NA
"Lomatogonium macranthum","Lomatogonium macranthum","Lomatogonium","Gentianaceae",NA,NA,NA,NA,NA,NA,NA
"Primula deflexa","Primula deflexa","Primula","Primulaceae",NA,NA,NA,NA,NA,NA,NA
"Myriactis nepalensis","Myriactis nepalensis","Myriactis","Asteraceae",NA,NA,NA,NA,NA,NA,NA
"Gentiana trichotoma","Gentiana trichotoma","Gentiana","Gentianaceae",NA,NA,NA,NA,NA,NA,NA
"Thalictrum javanicum","Thalictrum javanicum","Thalictrum","Ranunculaceae",NA,NA,NA,NA,NA,NA,NA
"Eriocapitella rivularis","Eriocapitella rivularis","Eriocapitella","Ranunculaceae",NA,NA,NA,NA,NA,NA,NA
"Maianthemum henryi","Maianthemum henryi","Maianthemum","Asparagaceae",NA,NA,NA,NA,NA,NA,NA
"Carex scabrirostris","Carex scabrirostris","Carex","Cyperaceae",NA,NA,NA,NA,NA,NA,NA
"Euphrasia regelii","Euphrasia regelii","Euphrasia","Orobanchaceae",NA,NA,NA,NA,NA,NA,NA
"Gentiana grumii","Gentiana grumii","Gentiana","Gentianaceae",NA,NA,NA,NA,NA,NA,NA
"Halerpestes tricuspis","Halerpestes tricuspis","Halerpestes","Ranunculaceae",NA,NA,NA,NA,NA,NA,NA
"Saussurea pulchra","Saussurea pulchra","Saussurea","Asteraceae",NA,NA,NA,NA,NA,NA,NA
"Trichophorum distigmaticum","Trichophorum distigmaticum","Trichophorum","Cyperaceae",NA,NA,NA,NA,NA,NA,NA
"Pedicularis kansuensis","Pedicularis kansuensis","Pedicularis","Orobanchaceae",NA,NA,NA,NA,NA,NA,NA
"Allium beesianum","Allium beesianum","Allium","Amaryllidaceae",NA,NA,NA,NA,NA,NA,NA
"Aster diplostephioides","Aster diplostephioides","Aster","Asteraceae",NA,NA,NA,NA,NA,NA,NA
"Oxytropis kansuensis","Oxytropis kansuensis","Oxytropis","Fabaceae",NA,NA,NA,NA,NA,NA,NA
"Trollius farreri","Trollius farreri","Trollius","Ranunculaceae",NA,NA,NA,NA,NA,NA,NA
"Cardamine tangutorum","Cardamine tangutorum","Cardamine","Brassicaceae",NA,NA,NA,NA,NA,NA,NA
"Leontopodium nanum","Leontopodium nanum","Leontopodium","Asteraceae",NA,NA,NA,NA,NA,NA,NA
"Micranthes atrata","Micranthes atrata","Micranthes","Saxifragaceae",NA,NA,NA,NA,NA,NA,NA
"Tibetia himalaica","Tibetia himalaica","Tibetia","Fabaceae",NA,NA,NA,NA,NA,NA,NA
"Morina chinensis","Morina chinensis","Morina","Caprifoliaceae",NA,NA,NA,NA,NA,NA,NA
"Iris potaninii","Iris potaninii","Iris","Iridaceae",NA,NA,NA,NA,NA,NA,NA
"Saussurea nigrescens","Saussurea nigrescens","Saussurea","Asteraceae",NA,NA,NA,NA,NA,NA,NA
"Veronica ciliata","Veronica ciliata","Veronica","Plantaginaceae",NA,NA,NA,NA,NA,NA,NA
"Gentianella",NA,"Gentianella","Gentianaceae",NA,NA,NA,NA,NA,NA,NA
"Elsholtzia densa","Elsholtzia densa","Elsholtzia","Lamiaceae",NA,NA,NA,NA,NA,NA,NA
"Comastoma pulmonarium","Comastoma pulmonarium","Comastoma","Gentianaceae",NA,NA,NA,NA,NA,NA,NA
"Carex capillifolia","Carex capillifolia","Carex","Cyperaceae",NA,NA,NA,NA,NA,NA,NA
"Gentiana aristata","Gentiana aristata","Gentiana","Gentianaceae",NA,NA,NA,NA,NA,NA,NA
"Saussurea katochaete","Saussurea katochaete","Saussurea","Asteraceae",NA,NA,NA,NA,NA,NA,NA
"Lomatogonium rotatum","Lomatogonium rotatum","Lomatogonium","Gentianaceae",NA,NA,NA,NA,NA,NA,NA
"Chrysosplenium pilosum","Chrysosplenium pilosum","Chrysosplenium","Saxifragaceae",NA,NA,NA,NA,NA,NA,NA
"Hansenia weberbaueriana","Hansenia weberbaueriana","Hansenia","Apiaceae",NA,NA,NA,NA,NA,NA,NA
"Poa alberti","Poa alberti","Poa","Poaceae",NA,NA,NA,NA,NA,NA,NA
"Calamagrostis tripilifera","Calamagrostis tripilifera","Calamagrostis","Poaceae",NA,NA,NA,NA,NA,NA,NA
"Pomatosace filicula","Pomatosace filicula","Pomatosace","Primulaceae",NA,NA,NA,NA,NA,NA,NA
"Ajania przewalskii","Ajania przewalskii","Ajania","Asteraceae",NA,NA,NA,NA,NA,NA,NA
"Hippophae rhamnoides","Hippophae rhamnoides","Hippophae","Elaeagnaceae",NA,NA,NA,NA,NA,NA,NA
"Anaphalis lactea","Anaphalis lactea","Anaphalis","Asteraceae",NA,NA,NA,NA,NA,NA,NA
"Carex thibetica","Carex thibetica","Carex","Cyperaceae",NA,NA,NA,NA,NA,NA,NA
"Carex kansuensis","Carex kansuensis","Carex","Cyperaceae",NA,NA,NA,NA,NA,NA,NA
"Carex lehmannii","Carex lehmannii","Carex","Cyperaceae",NA,NA,NA,NA,NA,NA,NA
"Coluria longifolia","Coluria longifolia","Coluria","Rosaceae",NA,NA,NA,NA,NA,NA,NA
"Viola philippica","Viola philippica","Viola","Violaceae",NA,NA,NA,NA,NA,NA,NA
"Gentianella azurea","Gentianella azurea","Gentianella","Gentianaceae",NA,NA,NA,NA,NA,NA,NA
"Morina kokonorica","Morina kokonorica","Morina","Caprifoliaceae",NA,NA,NA,NA,NA,NA,NA
"Iris tectorum","Iris tectorum","Iris","Iridaceae",NA,NA,NA,NA,NA,NA,NA
"Delphinium trichophorum","Delphinium trichophorum","Delphinium","Ranunculaceae",NA,NA,NA,NA,NA,NA,NA
"Hansenia forbesii","Hansenia forbesii","Hansenia","Apiaceae",NA,NA,NA,NA,NA,NA,NA
"Viola hamiltoniana","Viola hamiltoniana","Viola","Violaceae",NA,NA,NA,NA,NA,NA,NA
"Geranium wilfordii","Geranium wilfordii","Geranium","Geraniaceae",NA,NA,NA,NA,NA,NA,NA
"Meconopsis horridula","Meconopsis horridula","Meconopsis","Papaveraceae",NA,NA,NA,NA,NA,NA,NA
"Arenaria hispanica","Arenaria hispanica","Arenaria","Caryophyllaceae",NA,NA,NA,NA,NA,NA,NA
"Alchemilla crinita","Alchemilla crinita","Alchemilla","Rosaceae",NA,NA,NA,NA,NA,NA,NA
"Cerastium holosteoides","Cerastium holosteoides","Cerastium","Caryophyllaceae",NA,NA,NA,NA,NA,NA,NA
"Rumex arifolius","Rumex arifolius","Rumex","Polygonaceae",NA,NA,NA,NA,NA,NA,NA
"Apicaceae",NA,NA,"Apicaceae",NA,NA,NA,NA,NA,NA,NA
"Jacobaea alpina","Jacobaea alpina","Jacobaea","Asteraceae",NA,NA,NA,NA,NA,NA,NA
"Bromus",NA,"Bromus","Poaceae",NA,NA,NA,NA,NA,NA,NA
"Cyperaceae",NA,NA,"Cyperaceae",NA,NA,NA,NA,NA,NA,NA
"Crepis",NA,"Crepis","Asteraceae",NA,NA,NA,NA,NA,NA,NA
"Bistorta officinalis","Bistorta officinalis","Bistorta","Polygonaceae",NA,NA,NA,NA,NA,NA,NA
"Rhinanthus major","Rhinanthus major","Rhinanthus","Orobanchaceae",NA,NA,NA,NA,NA,NA,NA
"Valeriana locusta","Valeriana locusta","Valeriana","Caprifoliaceae",NA,NA,NA,NA,NA,NA,NA
"Vicia setifolia","Vicia setifolia","Vicia","Fabaceae",NA,NA,NA,NA,NA,NA,NA
"Rosaceae",NA,NA,"Rosaceae",NA,NA,NA,NA,NA,NA,NA
"Patzkea paniculata","Patzkea paniculata","Patzkea","Poaceae",NA,NA,NA,NA,NA,NA,NA
"Centaurea",NA,"Centaurea","Asteraceae",NA,NA,NA,NA,NA,NA,NA
"Cicerbita alpina","Cicerbita alpina","Cicerbita","Asteraceae",NA,NA,NA,NA,NA,NA,NA
"Epilobium lactiflorum","Epilobium lactiflorum","Epilobium","Onagraceae",NA,NA,NA,NA,NA,NA,NA
"Alopecurus gerardi","Alopecurus gerardi","Alopecurus","Poaceae",NA,NA,NA,NA,NA,NA,NA
"Androsace vitaliana","Androsace vitaliana","Androsace","Primulaceae",NA,NA,NA,NA,NA,NA,NA
"Alchemilla flabellata","Alchemilla flabellata","Alchemilla","Rosaceae",NA,NA,NA,NA,NA,NA,NA
"Helictochloa versicolor","Helictochloa versicolor","Helictochloa","Poaceae",NA,NA,NA,NA,NA,NA,NA
"Pilosella",NA,"Pilosella","Asteraceae",NA,NA,NA,NA,NA,NA,NA
"Lotus",NA,"Lotus","Fabaceae",NA,NA,NA,NA,NA,NA,NA
"Leucanthemum",NA,"Leucanthemum","Asteraceae",NA,NA,NA,NA,NA,NA,NA
"Anemonoides baldensis","Anemonoides baldensis","Anemonoides","Ranunculaceae",NA,NA,NA,NA,NA,NA,NA
"Pedicularis",NA,"Pedicularis","Orobanchaceae",NA,NA,NA,NA,NA,NA,NA
"Minuartia",NA,"Minuartia","Caryophyllaceae",NA,NA,NA,NA,NA,NA,NA
"Alchemilla alpigena","Alchemilla alpigena","Alchemilla","Rosaceae",NA,NA,NA,NA,NA,NA,NA
"Siler montanum","Siler montanum","Siler","Apiaceae",NA,NA,NA,NA,NA,NA,NA
"Bupleurum",NA,"Bupleurum","Apiaceae",NA,NA,NA,NA,NA,NA,NA
"Lilium",NA,"Lilium","Liliaceae",NA,NA,NA,NA,NA,NA,NA
"Crepis pontana","Crepis pontana","Crepis","Asteraceae",NA,NA,NA,NA,NA,NA,NA
