"ID","Name_submitted","Overall_score","Accepted_name","Accepted_species"
"3","Alchemilla sp",0.9,"Alchemilla",""
"1407,19","Sagina sp.",0.9,"Sagina",""
"1329,537,23","Taraxacum sp.",0.9,"Taraxacum",""
"1310,583,61","Pyrola sp.",0.9,"Pyrola",""
"1274,314,63","Carex sp.",0.9,"Carex",""
"64","Carex sp1??",0.9,"Carex",""
"657,68","Epilobium sp.",0.9,"Epilobium",""
"398,70","Euphrasia sp.",0.9,"Euphrasia",""
"73","Gentiana sp",0.9,"Gentiana",""
"1296,357,83","Luzula sp.",0.9,"Luzula",""
"1342,90","Veronica sp.",0.9,"Veronica",""
"129","Dia.med",0.33642563030782,"Dianella",""
"130","Cerastium sp",0.9,"Cerastium",""
"131","Cerastium sp??",0.9,"Cerastium",""
"1373,141","Hieracium sp.",0.9,"Hieracium",""
"401,145","Salix sp.",0.9,"Salix",""
"153","Arctous alpinus",0.92876649034479,"Arctous alpina","Arctous alpina"
"167","Dryopteris sp.",0.9,"Dryopteris",""
"168","Dianthus lanceolata!?!",0.9,"Dianthus",""
"351,169","Viola sp.",0.9,"Viola",""
"219","Luzula multiflora aggr.",0.9,"Luzula multiflora","Luzula multiflora"
"234","Alchemilla conjuncta aggr.",0.9,"Alchemilla conjuncta","Alchemilla conjuncta"
"249","Festuca laevigata aggr.",0.9,"Festuca laevigata","Festuca laevigata"
"250","Festuca violacea aggr.",0.9,"Festuca violacea","Festuca violacea"
"270","Leontodon hispidus s.str.",0.9,"Leontodon hispidus","Leontodon hispidus"
"275","Arctostaphylos alpinus",0.92876649034479,"Arctostaphylos uva-ursi","Arctostaphylos uva-ursi"
"285","Euphrasia rostkoviana aggr.",0.9,"Euphrasia officinalis subsp. pratensis","Euphrasia officinalis"
"295","Asteraceae sp.",0.9,"Asteraceae",""
"319","Alchemilla vulgaris aggr.",0.9,"Alchemilla vulgaris","Alchemilla vulgaris"
"322","Gnaphalium sp.",0.9,"Gnaphalium",""
"329","Asteraceae indet",0.9,"Asteraceae",""
"337","Festuca rubra aggr.",0.9,"Festuca rubra","Festuca rubra"
"340","Leontodon hispidus s.str",0.9,"Leontodon hispidus","Leontodon hispidus"
"1286,355","Festuca sp.",0.9,"Festuca",""
"356","Leontodon hispidus aggr.",0.9,"Leontodon hispidus","Leontodon hispidus"
"363","Leontodon hispidus subsp. Hispidus",0.9,"Leontodon hispidus","Leontodon hispidus"
"365","Lathyrus pratense",0.95322410145539,"Lathyrus pratensis","Lathyrus pratensis"
"368","Phyteuma sp.",0.9,"Phyteuma",""
"1307,369","Poa sp.",0.9,"Poa",""
"372","Festuca pratense",0.95322410145539,"Festuca ovina","Festuca ovina"
"378","Fabaceae sp.",0.9,"Fabaceae",""
"380","Trifolium sp.",0.9,"Trifolium",""
"391","Poaceae indet.",0.9,"Poaceae",""
"393","Gentiana sp.",0.9,"Gentiana",""
"394","Ranunculus sp.",0.9,"Ranunculus",""
"396","Homogyna alpina",0.97922049354994,"Homogyne alpina","Homogyne alpina"
"403","Hieracium lachenalli",0.98428510306992,"Hieracium lachenalii","Hieracium lachenalii"
"404","Leontodon sp.",0.9,"Leontodon",""
"405","Polygala sp.",0.9,"Polygala",""
"407","Plantafo atrata",0.97922049354994,"Plantago atrata","Plantago atrata"
"414","Picris sp.",0.9,"Picris",""
"418","Anthennaria dioica",0.98599670627294,"Antennaria dioica","Antennaria dioica"
"419","Anthennaria carpatica",0.98599670627294,"Antennaria carpatica","Antennaria carpatica"
"421","Anthyllis vulneraria subsp. Alpestris",0.9,"Anthyllis vulneraria","Anthyllis vulneraria"
"423","Brachypodium pinnatum aggr.",0.9,"Brachypodium pinnatum","Brachypodium pinnatum"
"428","Myosotis sp.",0.9,"Myosotis",""
"430","Orchidaceae sp.",0.9,"Orchidaceae",""
"432","Ranunculus acris subsp. Friesianus",0.9,"Ranunculus acris","Ranunculus acris"
"434","Primula sp.",0.9,"Primula",""
"435","Galium anisophylon",0.98737368185461,"Galium anisophyllon","Galium anisophyllon"
"436","Ligusticum mutelina",0.98210117101673,"Mutellina purpurea","Mutellina purpurea"
"437","Potentilla crantzi",0.97922049354994,"Potentilla crantzii","Potentilla crantzii"
"439","Lotus corniculatus aggr.",0.9,"Lotus corniculatus","Lotus corniculatus"
"441","Ran. acris subsp. Friesianus",0.23642563030782,"Zea",""
"442","Leontodon hisp. subsp. hispidus",0.9,"Leontodon",""
"443","Silene sp.",0.9,"Silene",""
"444","Cerastium fontanum subsp. Vulgare",0.9,"Cerastium fontanum","Cerastium fontanum"
"446","Anthyllis vuln. subsp. Alpestris",0.9,"Anthyllis",""
"447","Leontodon his. subsp. Hispidus",0.9,"Leontodon",""
"448","Anthyllis vuln. subsp. alpestris",0.9,"Anthyllis",""
"451","Bartzia alpina",0.9752518865735,"Bartsia alpina","Bartsia alpina"
"454","Hieracium murrorum aggr.",0.87922049354994,"Hieracium murorum","Hieracium murorum"
"455","Cerastium font. subsp. vulgare",0.9,"Cerastium",""
"456","Alchemilla conjuncta nitida",0.59957384396743,"Alchemilla conjuncta","Alchemilla conjuncta"
"457","Alchemilla xanthochlora pratensis",0.59957384396743,"Alchemilla xanthochlora","Alchemilla xanthochlora"
"459","Campanula scheuchzerii",0.98737368185461,"Campanula scheuchzeri","Campanula scheuchzeri"
"469","Thymus praecox polytrichus",0.96021221090168,"Thymus praecox subsp. polytrichus","Thymus praecox"
"488","Sedum sp.",0.9,"Sedum",""
"493","Euphrasia rostkoviana montana",0.96021221090168,"Euphrasia officinalis subsp. monticola","Euphrasia officinalis"
"525","Tragopogon Spitze like Carex",0.7,"Tragopogon",""
"527","Galium sp.",0.9,"Galium",""
"531","Thymus sp.",0.9,"Thymus",""
"535"," Alchemilla xanthochlora pratensis",0.59957384396743,"Alchemilla xanthochlora","Alchemilla xanthochlora"
"536","Helictotrichon sp.",0.9,"Helictotrichon",""
"541","Anthoxantum alpinum",0.98737368185461,"Anthoxanthum nipponicum","Anthoxanthum nipponicum"
"544","Hieracium lactucela",0.98428510306992,"Pilosella lactucella","Pilosella lactucella"
"545","Androsace chamejasme",0.98599670627294,"Androsace chamaejasme","Androsace chamaejasme"
"546","Aster-Erigeron Group",0.81844878136587,"Erigeron",""
"547","Carex Group",0.9,"Carex",""
"548","Festuca Group",0.9,"Festuca",""
"549","Galium spp.",0.9,"Galium",""
"550","Gentiana Group",0.9,"Gentiana",""
"551","Grass Group",0.49957384396743,"Grausa",""
"552","Luzula spp.",0.9,"Luzula",""
"553","Thymus spp.",0.9,"Thymus",""
"554","Trifolium spp.",0.9,"Trifolium",""
"556","Gentiana alpestre",0.5,"Gentiana",""
"557","Leontodon Group",0.9,"Leontodon",""
"558","Carlina sp.",0.9,"Carlina",""
"560","Nigritella spp.",0.9,"Gymnadenia",""
"561","Prunella spp.",0.9,"Prunella",""
"564","Phyteuma_UKS",0.7294,"Phyteuma",""
"566","Phyteuma sp._UKS",0.9,"Phyteuma",""
"568","Fabaceae?_UKS",0.9,"Fabaceae",""
"572","Gentiana_UKS",0.7,"Gentiana",""
"574","Astragalus spp.",0.9,"Astragalus",""
"576","Astragallus spp.",0.86542355975219,"Astragalus",""
"579","Silene nut_UKS",0.9,"Silene",""
"580","Fabaceae Astragallus_UKS",0.71819736501835,"Astragalus",""
"582","Campanula_weard_UKS",0.5,"Campanula",""
"584","Baby Carlina_UKS",0.41767450400201,"Begonia",""
"585","Cirsium_UKS",0.7,"Cirsium",""
"586","Pinus spp.",0.9,"Pinus",""
"587","Salix_UKS",0.7294,"Salix",""
"588","Carduus Leontodon Like_UKS",0.8419,"Carduus",""
"589","Phyteuma scabioosidae _UKS",0.4,"Phyteuma",""
"590","Phyteuma like uks",0.40042615603257,"Phyteuma",""
"591","Polygala like seedling_UKS",0.76164033994183,"Polygala limae","Polygala limae"
"593","Carduus seedling_UKS",0.9,"Carduus",""
"594","Carlina_UKS",0.7294,"Carlina",""
"595","Primula like seedling_UKS",0.4,"Primula",""
"596","Plantago weirdo atrata_UKS",0.4,"Plantago",""
"597","Euga like_UKS",0.67149326622765,"",""
"599","Myosotis like seedling_UKS",0.4,"Myosotis",""
"600","Petasites like_UKS",0.9,"Petasites",""
"601","Rumex like_UKS",0.9,"Rumex",""
"602","Arenaria like_UKS",0.9,"Arenaria",""
"603","Cerastium like_UKS",0.9,"Cerastium",""
"605","Carlina like_UKS",0.9,"Carlina",""
"606","Phyteuma like_UKS",0.9,"Phyteuma",""
"607","Carduus_UKS",0.7294,"Carduus",""
"608","Polygala like_UKS",0.9,"Polygala",""
"609","Arnica spp.",0.9,"Arnica",""
"610","Carlina acaulis type_UKS",0.9,"Carlina acaulis","Carlina acaulis"
"614","Lupinus sp.",0.9,"Lupinus",""
"622","white mustard silicles",0.17476342883704,"Cyrtandra",""
"625","unknown grass",0.49957384396743,"Grausa",""
"636","salty unknown",0.76164033994183,"Salta",""
"637","green grass indistinct",0.20446337957364,"Greenea",""
"642","Senecio fuzzy",0.5,"Senecio",""
"645","Carex 2",0.9,"Carex",""
"650","Carex 1",0.9,"Carex",""
"652","unknown mustard",0.5942695052013,"Muscari",""
"655","Erigeron sp.",0.9,"Erigeron",""
"681","Achillea_millefolium",0.9,"Achillea millefolium","Achillea millefolium"
"682","Elymus_trachycaulus",0.9,"Elymus violaceus","Elymus violaceus"
"683","Antennaria_microphylla",0.9,"Antennaria microphylla","Antennaria microphylla"
"684","Bromus_carinatus",0.9,"Bromus carinatus","Bromus carinatus"
"685","Bromus_inermis",0.9,"Bromus inermis","Bromus inermis"
"686","Calamagrostis_rubescens",0.9,"Calamagrostis rubescens","Calamagrostis rubescens"
"687","Campanula_rotundifolia",0.9,"Campanula rotundifolia","Campanula rotundifolia"
"688","Carex_geyeri",0.9,"Carex geyeri","Carex geyeri"
"689","Cerastium_arvense",0.9,"Cerastium arvense","Cerastium arvense"
"690","Cirsium_arvense",0.9,"Cirsium arvense","Cirsium arvense"
"691","Cynoglossum_officinale",0.9,"Cynoglossum officinale","Cynoglossum officinale"
"692","Dactylis_glomerata",0.9,"Dactylis glomerata","Dactylis glomerata"
"693","Dracophaleum",0.90498550860639,"Dracophyllum",""
"694","Elymus_glaucus",0.9,"Elymus glaucus","Elymus glaucus"
"695","Eurybia_conspicua",0.9,"Eurybia conspicua","Eurybia conspicua"
"696","Fragaria_virginiana",0.9,"Fragaria virginiana","Fragaria virginiana"
"697","Galium_boreale",0.9,"Galium boreale","Galium boreale"
"698","Geranium_viscosissimum",0.9,"Geranium viscosissimum","Geranium viscosissimum"
"700","Goodyera_oblongifolia",0.9,"Goodyera oblongifolia","Goodyera oblongifolia"
"702","Mahonia_repens",0.9,"Berberis repens","Berberis repens"
"704","Phleum_pratense",0.9,"Phleum pratense","Phleum pratense"
"705","Poa_pratensis",0.9,"Poa pratensis","Poa pratensis"
"707","Polygonum_douglasii",0.9,"Polygonum douglasii","Polygonum douglasii"
"708","Potentilla_glandulosa",0.9,"Drymocallis glandulosa","Drymocallis glandulosa"
"710","Prunella_vulgaris",0.9,"Prunella vulgaris","Prunella vulgaris"
"712","Rosa_woodsii",0.9,"Rosa woodsii","Rosa woodsii"
"713","Symphoricarpos_albus",0.9,"Symphoricarpos albus","Symphoricarpos albus"
"714","Symphyotrichum_ascendens",0.9,"Symphyotrichum ascendens","Symphyotrichum ascendens"
"715","Taraxacum_officinale",0.9,"Taraxacum officinale","Taraxacum officinale"
"716","Trifolium_hybridum",0.9,"Trifolium hybridum","Trifolium hybridum"
"717","Vaccinium_membranaceum",0.9,"Vaccinium membranaceum","Vaccinium membranaceum"
"719","Actea_rubra",0.89025364493243,"Actaea rubra","Actaea rubra"
"720","Agoseris_aurantiaca",0.9,"Agoseris aurantiaca","Agoseris aurantiaca"
"721","Agoseris_glauca",0.9,"Agoseris glauca","Agoseris glauca"
"722","Antennaria_racemosa",0.9,"Antennaria racemosa","Antennaria racemosa"
"723","Arnica_cordifolia",0.9,"Arnica cordifolia","Arnica cordifolia"
"724","Bromus_porteri",0.9,"Bromus porteri","Bromus porteri"
"725","Carex_phaeocephala",0.9,"Carex phaeocephala","Carex phaeocephala"
"726","Collomia_linearis",0.9,"Collomia linearis","Collomia linearis"
"727","Draba_nemorosa",0.9,"Draba nemorosa","Draba nemorosa"
"728","Ellisia_nyctelea",0.9,"Ellisia nyctelea","Ellisia nyctelea"
"729","Epilobium_angustifolium",0.9,"Epilobium angustifolium","Epilobium angustifolium"
"730","Erigeron_speciosus",0.9,"Erigeron speciosus","Erigeron speciosus"
"731","Eurybia_integrifolia",0.9,"Eurybia integrifolia","Eurybia integrifolia"
"732","Galium_triflorum",0.9,"Galium triflorum","Galium triflorum"
"733","Geranium_richardsonii",0.9,"Geranium richardsonii","Geranium richardsonii"
"734","Hackelia_micrantha",0.9,"Hackelia micrantha","Hackelia micrantha"
"735","Hieracium_gracile",0.9,"Hieracium nigrescens subsp. graciliusculum","Hieracium nigrescens"
"736","Lithophragma_parviflorum",0.9,"Lithophragma parviflorum","Lithophragma parviflorum"
"737","Lupinus_argenteus",0.9,"Lupinus argenteus","Lupinus argenteus"
"738","Medicago_lupulina",0.9,"Medicago lupulina","Medicago lupulina"
"739","Micranthes_occidentalis",0.9,"Micranthes occidentalis","Micranthes occidentalis"
"740","Microsteris_gracilis",0.9,"Microsteris gracilis","Microsteris gracilis"
"741","Noccaea_montana",0.9,"Noccaea montana","Noccaea montana"
"742","Osmorhiza_chilensis",0.9,"Osmorhiza chilensis","Osmorhiza chilensis"
"743","Perideridia_montana",0.9,"Perideridia montana","Perideridia montana"
"744","Potentilla_gracilis",0.9,"Potentilla gracilis","Potentilla gracilis"
"745","Ranunculus_acriformis",0.9,"Ranunculus acriformis","Ranunculus acriformis"
"746","Rudbeckia_occidentalis",0.9,"Rudbeckia occidentalis","Rudbeckia occidentalis"
"747","Senecio_corymbosus",0.9,"Kleinia grandiflora","Kleinia grandiflora"
"748","Senecio_crassulus",0.9,"Senecio crassulus","Senecio crassulus"
"749","Solidago_multiradiata",0.9,"Solidago multiradiata","Solidago multiradiata"
"751","Thalictrum_occidentale",0.9,"Thalictrum occidentale","Thalictrum occidentale"
"752","Tragopogon_dubius",0.9,"Tragopogon dubius","Tragopogon dubius"
"753","Trifolium_repens",0.9,"Trifolium repens","Trifolium repens"
"754","Vaccinium_globulare",0.9,"Vaccinium globulare","Vaccinium globulare"
"755","Viola_adunca",0.9,"Viola adunca","Viola adunca"
"756","Spiraea_betulifolia",0.9,"Spiraea betulifolia","Spiraea betulifolia"
"757","Symphyotrichum_campestre",0.9,"Symphyotrichum campestre","Symphyotrichum campestre"
"758","Antennaria_rosea",0.9,"Antennaria rosea","Antennaria rosea"
"759","Agastache_urticifolia",0.9,"Agastache urticifolia","Agastache urticifolia"
"760","Arnica_latifolia",0.9,"Arnica latifolia","Arnica latifolia"
"761","Bromus_tectorum",0.9,"Bromus tectorum","Bromus tectorum"
"762","Delphinium_occidentale",0.9,"Delphinium occidentale","Delphinium occidentale"
"763","Nemophila_breviflora",0.9,"Nemophila breviflora","Nemophila breviflora"
"764","Thlaspi_arvense",0.9,"Thlaspi arvense","Thlaspi arvense"
"765","Iiamna_rivularis",0.8752518865735,"Iliamna rivularis","Iliamna rivularis"
"767","Geum_Arvense",0.7,"Geum",""
"770","Rubus_parviflora",0.86542355975219,"Rubus parviflorus","Rubus parviflorus"
"771","Aster_adscendens",0.9,"Noticastrum adscendens","Noticastrum adscendens"
"772","Rudebeckia_hirsuta",0.78336636963573,"Rudbeckia hirta","Rudbeckia hirta"
"773","Stellaria_wide_leaf",0.40042615603257,"Stellaria",""
"774","Polygonum_aviculare",0.9,"Polygonum aviculare","Polygonum aviculare"
"775","Solidago_missouriensis",0.9,"Solidago missouriensis","Solidago missouriensis"
"776","Thlaspi_montanum",0.9,"Lepidium campestre","Lepidium campestre"
"777","Erythronium_grandiflorum",0.9,"Erythronium grandiflorum","Erythronium grandiflorum"
"778","Vaccinium_scoparium",0.9,"Vaccinium scoparium","Vaccinium scoparium"
"779","Osmorhiza_berteroi",0.9,"Osmorhiza berteroi","Osmorhiza berteroi"
"780","Arnica_angustifolia",0.9,"Arnica angustifolia","Arnica angustifolia"
"781","Trisetum_spicatum",0.9,"Koeleria spicata","Koeleria spicata"
"782","Epilobium_ciliatum",0.9,"Epilobium ciliatum","Epilobium ciliatum"
"783","Senecio_cymballaria",0.88599670627294,"Packera cymbalaria","Packera cymbalaria"
"784","Allium_brevistylum",0.9,"Allium brevistylum","Allium brevistylum"
"785","Androsace_occidentalis ",0.9,"Androsace occidentalis","Androsace occidentalis"
"786","Helianthella_uniflora",0.9,"Helianthella uniflora","Helianthella uniflora"
"787","Melica_spectabilis",0.9,"Melica spectabilis","Melica spectabilis"
"788","Geum_triflorum",0.9,"Geum triflorum","Geum triflorum"
"790","Viola_orbiculata",0.9,"Viola orbiculata","Viola orbiculata"
"792","Blepharoneuron tricholepsis",0.98737368185461,"Muhlenbergia tricholepis","Muhlenbergia tricholepis"
"802","Amaranthus powelli",0.97922049354994,"Amaranthus powellii","Amaranthus powellii"
"803","Androsace septrionalis",0.5,"Androsace",""
"810","Chamaesyce serpyllifolia",0.98850510141534,"Euphorbia serpillifolia","Euphorbia serpillifolia"
"811","Chamaesyce serulla",0.92876649034479,"Euphorbia serrula","Euphorbia serrula"
"826","Verbena macdougallii",0.98737368185461,"Verbena macdougalii","Verbena macdougalii"
"835","Potentilla bifruca",0.9752518865735,"Sibbaldianthe bifurca","Sibbaldianthe bifurca"
"836","Anaphalis xylorrhiza",0.98428510306992,"Anaphalis xylorhiza","Anaphalis xylorhiza"
"839","Kobresia pygmae",0.9752518865735,"Carex parvula","Carex parvula"
"852","Primula tanguticus",0.96021221090168,"Primula tangutica","Primula tangutica"
"854","Poa sp",0.9,"Poa",""
"855","Leontopodium spp",0.9,"Leontopodium",""
"864","others",0.90498550860639,"Ilex",""
"866","Festuca ovina L",0.8345,"Festuca ovina","Festuca ovina"
"871","Euphorbia atracheyi",0.98210117101673,"Euphorbia stracheyi","Euphorbia stracheyi"
"875","Unknow 4",0.82876649034479,"",""
"876","Unknow 5",0.82876649034479,"",""
"877","Unknow 6",0.82876649034479,"",""
"878","Unknow 7",0.82876649034479,"",""
"879","Unknow 10",0.82876649034479,"",""
"891","Cyanodon dactylon",0.97922049354994,"Cynodon dactylon","Cynodon dactylon"
"896","Oxalis acetocella",0.98428510306992,"Oxalis acetosella","Oxalis acetosella"
"897","Rumex species",0.9,"Rumex",""
"898","Urtica dioca",0.9694502693699,"Urtica dioica","Urtica dioica"
"900","Fragaria nibicula",0.94341268848788,"Fragaria nubicola","Fragaria nubicola"
"902","Convolvulus aisrvensis",0.96021221090168,"Convolvulus arvensis","Convolvulus arvensis"
"906","Achillea millifolium",0.98599670627294,"Achillea millefolium","Achillea millefolium"
"908","Fragaria sp.",0.9,"Fragaria",""
"909","Sisymbrium looseli",0.94341268848788,"Sisymbrium loeselii","Sisymbrium loeselii"
"910","Pinus sp.",0.9,"Pinus",""
"912","Lecanthemum vulgare",0.98737368185461,"Leucanthemum vulgare","Leucanthemum vulgare"
"914","Hordeum sp.",0.9,"Hordeum",""
"915","Rubus sp.",0.9,"Rubus",""
"917","Asparagus officinale",0.96542355975219,"Asparagus officinalis","Asparagus officinalis"
"918","Helianthus anus",0.96021221090168,"Helianthus petiolaris var. canescens","Helianthus petiolaris"
"922","Trifoilum repens",0.98210117101673,"Trifolium repens","Trifolium repens"
"923","Carex spp",0.9,"Carex",""
"926","Festuca spp",0.9,"Festuca",""
"932","Poa spp",0.9,"Poa",""
"965","Parnassia spp",0.9,"Parnassia",""
"988","Galium spp",0.9,"Galium",""
"996","Luzula spp",0.9,"Luzula",""
"1009","Euphorbia spp.",0.9,"Euphorbia",""
"1011","Fargesia spp.",0.9,"Fargesia",""
"1092","Cerastium fontanumsp. triviale",0.9,"Cerastium",""
"1095","Pedicularis reaupinanta",0.96542355975219,"Pedicularis resupinata","Pedicularis resupinata"
"1096","Carex lehmanii",0.98210117101673,"Carex lehmannii","Carex lehmannii"
"1101","Saussurea nigrescens Maxim",0.947,"Saussurea nigrescens","Saussurea nigrescens"
"1120","Veronica chamaedris",0.98428510306992,"Veronica chamaedrys","Veronica chamaedrys"
"1123","Apiaceae spec",0.64076313003779,"Miersia",""
"1129","Bromus spec2",0.9,"Bromus",""
"1132","Bromus spec1",0.9,"Bromus",""
"1133","Stellaria spec",0.5,"Stellaria",""
"1135","Cyperaceae spec",0.5,"Cyperaceae",""
"1136","herb unknown 2",0.67149326622765,"Hera",""
"1138","herb unknown 1",0.67149326622765,"Hera",""
"1144","Crepis spec",0.5,"Crepis",""
"1308,1146","Poa spec",0.5,"Poa",""
"1287,1147","Festuca spec",0.5,"Festuca",""
"1148","Plantago spec",0.5,"Plantago",""
"1173","Jacobea vulgaris",0.97922049354994,"Jacobaea vulgaris","Jacobaea vulgaris"
"1184","Polygonum avicular",0.98210117101673,"Polygonum aviculare","Polygonum aviculare"
"1188","Rumex sanguinea",0.96021221090168,"Rumex sanguineus","Rumex sanguineus"
"1199","Tragopodon pratensis",0.98428510306992,"Tragopogon pratensis","Tragopogon pratensis"
"1233","Rosaceae sp.",0.9,"Rosaceae",""
"1239","Euphorbia sp.",0.9,"Euphorbia",""
"1251","Crepis sp.",0.9,"Crepis",""
"1261","Centaurea sp.",0.9,"Centaurea",""
"1384,1265","Alchemilla sp.",0.9,"Alchemilla",""
"1273","Carex biggelowii",0.98428510306992,"Carex bigelowii","Carex bigelowii"
"1275","Carex spec",0.5,"Carex",""
"1278","Crystopteris fragilis",0.98737368185461,"Cystopteris fragilis","Cystopteris fragilis"
"1283","Equistum palustre",0.98210117101673,"Equisetum palustre","Equisetum palustre"
"1284","Euphrasia frigida ssp. frigida",0.59957384396743,"Euphrasia frigida","Euphrasia frigida"
"1298","Luzula wahlenberggi",0.98737368185461,"Luzula wahlenbergii","Luzula wahlenbergii"
"1305","Poa alp var. Viv",0.4,"Poa",""
"1306","Poa pra subsp. Alp",0.4,"Poa",""
"1313","Ranunculus nivali",0.9752518865735,"Ranunculus nivalis","Ranunculus nivalis"
"1315","Rhodiola roseae",0.9694502693699,"Rhodiola rosea","Rhodiola rosea"
"1318","Rumex acetosa ssp. acetosa / lapponica",0.9,"Rumex acetosa subsp. acetosa","Rumex acetosa"
"1322","Saliz polaris",0.96021221090168,"Salix polaris","Salix polaris"
"1325","Selaginella selasoroides",0.5,"Selaginella",""
"1330","Taraxacum spec",0.5,"Taraxacum",""
"1334","Trollius euroaeus",0.98210117101673,"Trollius europaeus","Trollius europaeus"
"1336","Vaccinum myrtillus",0.98210117101673,"Vaccinium myrtillus","Vaccinium myrtillus"
"1339","Veronica alpina ssp. alpina",0.96021221090168,"Veronica alpina","Veronica alpina"
"1360","Pilosella sp.",0.9,"Pilosella",""
"1366","Lotus sp.",0.9,"Lotus",""
"1372","Leucanthemum sp.",0.9,"Leucanthemum",""
"1378","Pedicularis sp.",0.9,"Pedicularis",""
"1381","Minuartia sp.",0.9,"Minuartia",""
"1382","Potentilla sp.",0.9,"Potentilla",""
"1389","Carduus sp.",0.9,"Carduus",""
"1390","Cirsium sp.",0.9,"Cirsium",""
"1396","Campanula sp.",0.9,"Campanula",""
"1401","Bupleurum sp.",0.9,"Bupleurum",""
"1403","Lilium sp.",0.9,"Lilium",""
"1404","Arnica sp.",0.9,"Arnica",""
"1420","Taraxacum officinale agg.",0.9,"Taraxacum officinale","Taraxacum officinale"
"1421","Cerastioum holosteoides",0.98428510306992,"Cerastium holosteoides","Cerastium holosteoides"
"1424","Leucanthemum vulgare agg.",0.9,"Leucanthemum vulgare","Leucanthemum vulgare"
"1426","Festuca rubra agg.",0.9,"Festuca rubra","Festuca rubra"
"1429","Hieratium pilosella",0.98210117101673,"Pilosella officinarum","Pilosella officinarum"
