"","Species","status","Integration"
"1","Achillea_millefolium","non-significant",NA
"2","Acinos_alpinus","non-significant",NA
"3","Agoseris_aurantiaca","non-significant",NA
"4","Agoseris_glauca","non-significant",NA
"5","Agrostis_capillaris","non-significant",NA
"6","Agrostis_nervosa","non-significant",NA
"7","Agrostis_rupestris","winner","doing better than locals"
"8","Agrostis_schraderiana","non-significant",NA
"9","Agrostis_stolonifera","non-significant",NA
"10","Ajuga_reptans","non-significant",NA
"11","Alchemilla_conjuncta","non-significant",NA
"12","Alchemilla_crinita","winner","doing better than locals"
"13","Alchemilla_fissa","winner",NA
"14","Alchemilla_flabellata","non-significant",NA
"15","Alchemilla_monticola","non-significant",NA
"16","Alchemilla_pentaphyllea","non-significant",NA
"17","Alchemilla_vulgaris","non-significant",NA
"18","Alchemilla_xanthochlora","non-significant",NA
"19","Aletris_pauciflora","winner",NA
"20","Allium_beesianum","non-significant",NA
"21","Allium_brevistylum","non-significant",NA
"22","Allium_carinatum","non-significant",NA
"23","Allium_prattii","non-significant",NA
"24","Allium_sikkimense","non-significant",NA
"25","Alopecurus_aequalis","non-significant",NA
"26","Alopecurus_gerardi","winner",NA
"27","Alopecurus_pratensis","non-significant",NA
"28","Anaphalis_aureopunctata","non-significant",NA
"29","Anaphalis_flavescens","non-significant",NA
"30","Anaphalis_lactea","non-significant",NA
"31","Anaphalis_xylorhiza","non-significant",NA
"32","Androsace_chamaejasme","non-significant",NA
"33","Androsace_minor","non-significant",NA
"34","Androsace_obtusifolia","winner",NA
"35","Androsace_tapete","winner",NA
"36","Anemonastrum_demissum","non-significant",NA
"37","Anemonastrum_polyanthes","non-significant",NA
"38","Anemone_cathayensis","non-significant",NA
"39","Anemone_narcissiflora","non-significant",NA
"40","Antennaria_carpatica","non-significant",NA
"41","Antennaria_dioica","non-significant",NA
"42","Antennaria_microphylla","non-significant",NA
"43","Anthoxanthum_nipponicum","winner","doing better than locals"
"44","Anthoxanthum_odoratum","non-significant",NA
"45","Anthriscus_sylvestris","non-significant",NA
"46","Anthyllis_vulneraria","non-significant",NA
"47","Arabis_ciliata","non-significant",NA
"48","Arctous_alpina","non-significant",NA
"49","Arenaria_ciliata","non-significant",NA
"50","Arenaria_kansuensis","non-significant",NA
"51","Arenaria_serpyllifolia","non-significant",NA
"52","Arisaema_parvum","non-significant",NA
"53","Arnica","non-significant",NA
"54","Arnica_latifolia","non-significant",NA
"55","Arnica_montana","non-significant",NA
"56","Arrhenatherum_elatius","non-significant",NA
"57","Artemisia_flaccida","non-significant",NA
"58","Aster_alpinus","non-significant",NA
"59","Aster_asteroides","non-significant",NA
"60","Aster_bellidiastrum","non-significant",NA
"61","Aster_diplostephioides","non-significant",NA
"62","Aster_tataricus","non-significant",NA
"63","Asteraceae","non-significant",NA
"64","Astragalus","non-significant",NA
"65","Astragalus_alpinus","non-significant",NA
"66","Astragalus_australis","non-significant",NA
"67","Astragalus_frigidus","non-significant",NA
"68","Astragalus_trimestris","non-significant",NA
"69","Astrantia_major","non-significant",NA
"70","Astrantia_minor","non-significant",NA
"71","Athyrium_spinulosum","non-significant",NA
"72","Avenella_flexuosa","non-significant",NA
"73","Avenula_pubescens","non-significant",NA
"74","Bartsia_alpina","non-significant",NA
"75","Bellis_perennis","non-significant",NA
"76","Berberis_repens","non-significant",NA
"77","Bistorta_officinalis","non-significant",NA
"78","Bistorta_vivipara","winner",NA
"79","Botrychium_lunaria","non-significant",NA
"80","Brachypodium_pinnatum","non-significant",NA
"81","Briza_media","non-significant",NA
"82","Bromus_carinatus","non-significant",NA
"83","Bromus_erectus","non-significant",NA
"84","Bromus_hordeaceus","non-significant",NA
"85","Bromus_inermis","non-significant",NA
"86","Bupleurum_ranunculoides","non-significant",NA
"87","Calamagrostis_rubescens","non-significant",NA
"88","Calamagrostis_tripilifera","non-significant",NA
"89","Caltha_palustris","non-significant",NA
"90","Campanula","non-significant",NA
"91","Campanula_barbata","non-significant",NA
"92","Campanula_rapunculoides","non-significant",NA
"93","Campanula_rhomboidalis","non-significant",NA
"94","Campanula_rotundifolia","non-significant",NA
"95","Campanula_scheuchzeri","non-significant",NA
"96","Capsella_bursa.pastoris","non-significant",NA
"97","Cardamine_pratensis","non-significant",NA
"98","Cardamine_tangutorum","non-significant",NA
"99","Carduus","non-significant",NA
"100","Carduus_defloratus","non-significant",NA
"101","Carex","non-significant",NA
"102","Carex_alatauensis","non-significant",NA
"103","Carex_atrofusca","non-significant",NA
"104","Carex_capillaris","non-significant",NA
"105","Carex_capillifolia","non-significant",NA
"106","Carex_caryophyllea","non-significant",NA
"107","Carex_cercostachys","non-significant",NA
"108","Carex_curvula","non-significant",NA
"109","Carex_ferruginea","winner",NA
"110","Carex_flacca","non-significant",NA
"111","Carex_kansuensis","non-significant",NA
"112","Carex_montana","non-significant",NA
"113","Carex_myosuroides","non-significant",NA
"114","Carex_nubigena","non-significant",NA
"115","Carex_ornithopoda","non-significant",NA
"116","Carex_pallescens","non-significant",NA
"117","Carex_parviflora","non-significant",NA
"118","Carex_parvula","winner","doing better than locals"
"119","Carex_phaeocephala","non-significant",NA
"120","Carex_sargentiana","non-significant",NA
"121","Carex_scabrirostris","non-significant",NA
"122","Carex_sempervirens","non-significant",NA
"123","Carex_sylvatica","winner",NA
"124","Carex_thibetica","non-significant",NA
"125","Carex_tristachya","non-significant",NA
"126","Carlina","non-significant",NA
"127","Carlina_acaulis","non-significant",NA
"128","Carpesium_humile","winner",NA
"129","Carum_carvi","non-significant",NA
"130","Centaurea_jacea","non-significant",NA
"131","Centaurea_montana","non-significant",NA
"132","Centaurea_phrygia","non-significant",NA
"133","Centaurea_uniflora","winner",NA
"134","Cerastium","non-significant",NA
"135","Cerastium_alpinum","non-significant",NA
"136","Cerastium_arvense","non-significant",NA
"137","Cerastium_fontanum","non-significant",NA
"138","Cerastium_holosteoides","non-significant",NA
"139","Cerastium_szechuense","non-significant",NA
"140","Chaerophyllum_hirsutum","winner",NA
"141","Chamaesium_viridiflorum","non-significant",NA
"142","Chrysosplenium_pilosum","non-significant",NA
"143","Cirsium","non-significant",NA
"144","Cirsium_acaule","non-significant",NA
"145","Cirsium_arvense","non-significant",NA
"146","Clinopodium_alpinum","non-significant",NA
"147","Clinopodium_polycephalum","loser",NA
"148","Clinopodium_vulgare","non-significant",NA
"149","Colchicum_autumnale","non-significant",NA
"150","Collomia_linearis","non-significant",NA
"151","Comastoma_pulmonarium","non-significant",NA
"152","Comastoma_tenellum","non-significant",NA
"153","Convolvulus_arvensis","non-significant",NA
"154","Corydalis_pallida","non-significant",NA
"155","Crepis","non-significant",NA
"156","Crepis_aurea","winner",NA
"157","Crepis_biennis","non-significant",NA
"158","Crepis_conyzifolia","non-significant",NA
"159","Crepis_paludosa","non-significant",NA
"160","Crocus_vernus","non-significant",NA
"161","Cyananthus_incanus","non-significant",NA
"162","Cynosurus_cristatus","non-significant",NA
"163","Dactylis_glomerata","non-significant",NA
"164","Dactylorhiza_viridis","non-significant",NA
"165","Dasiphora_fruticosa","non-significant",NA
"166","Delphinium_caeruleum","non-significant",NA
"167","Deschampsia_cespitosa","non-significant",NA
"168","Draba_aizoides","winner",NA
"169","Draba_nemorosa","non-significant",NA
"170","Dryas_octopetala","non-significant",NA
"171","Echium_vulgare","non-significant",NA
"172","Elsholtzia_densa","non-significant",NA
"173","Elymus_glaucus","winner",NA
"174","Elymus_nutans","non-significant",NA
"175","Elymus_repens","non-significant",NA
"176","Epilobium_angustifolium","winner",NA
"177","Epilobium_fangii","non-significant",NA
"178","Epilobium_obscurum","non-significant",NA
"179","Equisetum_arvense","non-significant",NA
"180","Erigeron","non-significant",NA
"181","Erigeron_annuus","non-significant",NA
"182","Erigeron_neglectus","non-significant",NA
"183","Eritrichium_hemisphaericum","non-significant",NA
"184","Erythronium_grandiflorum","non-significant",NA
"185","Euphorbia_cyparissias","non-significant",NA
"186","Euphrasia_hirtella","non-significant",NA
"187","Euphrasia_minima","winner",NA
"188","Euphrasia_officinalis","non-significant",NA
"189","Euphrasia_pectinata","non-significant",NA
"190","Euphrasia_regelii","non-significant",NA
"191","Euphrasia_salisburgensis","non-significant",NA
"192","Euphrasia_stricta","non-significant",NA
"193","Eurybia_conspicua","non-significant",NA
"194","Eurybia_integrifolia","non-significant",NA
"195","Fargesia_spathacea","non-significant",NA
"196","Festuca","non-significant",NA
"197","Festuca_alpina","winner",NA
"198","Festuca_halleri","non-significant",NA
"199","Festuca_laevigata","non-significant",NA
"200","Festuca_nigrescens","non-significant",NA
"201","Festuca_ovina","non-significant",NA
"202","Festuca_quadriflora","non-significant",NA
"203","Festuca_rubra","non-significant",NA
"204","Festuca_violacea","winner",NA
"205","Fragaria_orientalis","non-significant",NA
"206","Fragaria_vesca","non-significant",NA
"207","Fragaria_virginiana","non-significant",NA
"208","Gagea_serotina","non-significant",NA
"209","Galearis_spathulata","non-significant",NA
"210","Galeopsis_tetrahit","non-significant",NA
"211","Galium","non-significant",NA
"212","Galium_album","non-significant",NA
"213","Galium_anisophyllon","non-significant",NA
"214","Galium_boreale","non-significant",NA
"215","Galium_mollugo","non-significant",NA
"216","Galium_pumilum","non-significant",NA
"217","Galium_triflorum","non-significant",NA
"218","Galium_verum","non-significant",NA
"219","Genista_sagittalis","non-significant",NA
"220","Gentiana","non-significant",NA
"221","Gentiana_acaulis","non-significant",NA
"222","Gentiana_aristata","non-significant",NA
"223","Gentiana_brachyphylla","non-significant",NA
"224","Gentiana_clusii","non-significant",NA
"225","Gentiana_crassuloides","non-significant",NA
"226","Gentiana_grumii","non-significant",NA
"227","Gentiana_lawrencei","non-significant",NA
"228","Gentiana_nivalis","non-significant",NA
"229","Gentiana_prostrata","non-significant",NA
"230","Gentiana_punctata","non-significant",NA
"231","Gentiana_purpurea","non-significant",NA
"232","Gentiana_scabra","non-significant",NA
"233","Gentiana_squarrosa","non-significant",NA
"234","Gentiana_straminea","non-significant",NA
"235","Gentiana_verna","non-significant",NA
"236","Gentianella","non-significant",NA
"237","Gentianella_azurea","non-significant",NA
"238","Gentianella_campestris","non-significant",NA
"239","Gentianella_germanica","non-significant",NA
"240","Geranium_pylzowianum","non-significant",NA
"241","Geranium_richardsonii","non-significant",NA
"242","Geranium_rotundifolium","non-significant",NA
"243","Geranium_sylvaticum","non-significant",NA
"244","Geranium_viscosissimum","non-significant",NA
"245","Geranium_wilfordii","non-significant",NA
"246","Geum_aleppicum","non-significant",NA
"247","Geum_montanum","non-significant",NA
"248","Geum_rivale","non-significant",NA
"249","Glechoma_hederacea","non-significant",NA
"250","Gymnadenia","non-significant",NA
"251","Gymnadenia_conopsea","non-significant",NA
"252","Gymnadenia_nigra","non-significant",NA
"253","Hackelia_micrantha","non-significant",NA
"254","Halenia_corniculata","non-significant",NA
"255","Halerpestes_tricuspis","non-significant",NA
"256","Hansenia_forbesii","non-significant",NA
"257","Hansenia_weberbaueriana","non-significant",NA
"258","Hedysarum_algidum","non-significant",NA
"259","Hedysarum_hedysaroides","non-significant",NA
"260","Helianthemum_nummularium","non-significant",NA
"261","Helianthemum_oelandicum","non-significant",NA
"262","Helictochloa_pratensis","non-significant",NA
"263","Helictochloa_versicolor","winner",NA
"264","Helictotrichon_parlatorei","non-significant",NA
"265","Helictotrichon_pubescens","non-significant",NA
"266","Helictotrichon_tibeticum","non-significant",NA
"267","Helictotrichon_versicolor","non-significant",NA
"268","Hemiphragma_heterophyllum","non-significant",NA
"269","Heracleum_sphondylium","non-significant",NA
"270","Hieracium","non-significant",NA
"271","Hieracium_froelichianum","non-significant",NA
"272","Hieracium_lachenalii","non-significant",NA
"273","Hieracium_murorum","non-significant",NA
"274","Hieracium_piliferum","loser",NA
"275","Hieracium_racemosum","non-significant",NA
"276","Hippocrepis_comosa","non-significant",NA
"277","Hippophae_rhamnoides","non-significant",NA
"278","Holcus_lanatus","non-significant",NA
"279","Homogyne_alpina","winner",NA
"280","Hymenidium_hookeri","non-significant",NA
"281","Hypericum_maculatum","non-significant",NA
"282","Hypericum_richeri","non-significant",NA
"283","Hypericum_wightianum","non-significant",NA
"284","Hypochaeris_maculata","non-significant",NA
"285","Iris_potaninii","non-significant",NA
"286","Iris_tectorum","non-significant",NA
"287","Jacobaea_alpina","non-significant",NA
"288","Jacobaea_incana","non-significant",NA
"289","Juncus_allioides","non-significant",NA
"290","Juncus_himalensis","non-significant",NA
"291","Juncus_leucanthus","non-significant",NA
"292","Juncus_setchuensis","non-significant",NA
"293","Kalmia_procumbens","non-significant",NA
"294","Knautia_arvensis","non-significant",NA
"295","Koeleria_spicata","non-significant",NA
"296","Lancea_tibetica","non-significant",NA
"297","Laserpitium_halleri","winner",NA
"298","Laserpitium_latifolium","non-significant",NA
"299","Lathyrus_pratensis","non-significant",NA
"300","Leontodon","non-significant",NA
"301","Leontodon_hispidus","non-significant",NA
"302","Leontodon_hyoseroides","non-significant",NA
"303","Leontopodium_nanum","non-significant",NA
"304","Leucanthemopsis_alpina","winner",NA
"305","Leucanthemum_adustum","non-significant",NA
"306","Leucanthemum_ircutianum","non-significant",NA
"307","Leucanthemum_vulgare","non-significant",NA
"308","Ligularia_pleurocaulis","non-significant",NA
"309","Ligularia_sagitta","non-significant",NA
"310","Ligularia_virgaurea","non-significant",NA
"311","Ligusticopsis_scapiformis","non-significant",NA
"312","Linaria_vulgaris","non-significant",NA
"313","Linum_alpinum","non-significant",NA
"314","Linum_catharticum","non-significant",NA
"315","Lolium_multiflorum","non-significant",NA
"316","Lolium_perenne","loser",NA
"317","Lomatogonium_rotatum","non-significant",NA
"318","Lotus_alpinus","non-significant",NA
"319","Lotus_corniculatus","non-significant",NA
"320","Lupinus_argenteus","non-significant",NA
"321","Luzula","non-significant",NA
"322","Luzula_alpina","non-significant",NA
"323","Luzula_campestris","non-significant",NA
"324","Luzula_lutea","winner",NA
"325","Luzula_multiflora","non-significant",NA
"326","Luzula_pediformis","non-significant",NA
"327","Luzula_sudetica","non-significant",NA
"328","Luzula_sylvatica","non-significant",NA
"329","Lysimachia_maritima","non-significant",NA
"330","Maianthemum_japonicum","non-significant",NA
"331","Malaxis_monophyllos","non-significant",NA
"332","Medicago_lupulina","non-significant",NA
"333","Medicago_ruthenica","non-significant",NA
"334","Meum_athamanticum","loser","lag"
"335","Micranthes_atrata","non-significant",NA
"336","Microsteris_gracilis","non-significant",NA
"337","Microula_sikkimensis","non-significant",NA
"338","Minuartia_sedoides","non-significant",NA
"339","Minuartia_verna","non-significant",NA
"340","Morina_chinensis","non-significant",NA
"341","Morina_kokonorica","non-significant",NA
"342","Mutellina_purpurea","non-significant",NA
"343","Myosotis","non-significant",NA
"344","Myosotis_alpestris","non-significant",NA
"345","Myosotis_scorpioides","non-significant",NA
"346","Myosotis_sylvatica","non-significant",NA
"347","Myriactis_nepalensis","non-significant",NA
"348","NA.","non-significant",NA
"349","Nardus_stricta","non-significant",NA
"350","Neogaya_simplex","non-significant",NA
"351","Noccaea_caerulescens","non-significant",NA
"352","Omalotheca_sylvatica","non-significant",NA
"353","Oreojuncus_trifidus","non-significant",NA
"354","Osmorhiza_chilensis","non-significant",NA
"355","Oxytropis_cinerascens","non-significant",NA
"356","Oxytropis_deflexa","non-significant",NA
"357","Oxytropis_densa","non-significant",NA
"358","Oxytropis_kansuensis","non-significant",NA
"359","Oxytropis_ochrocephala","non-significant",NA
"360","Oxytropis_yunnanensis","non-significant",NA
"361","Packera_cymbalaria","non-significant",NA
"362","Parasenecio_latipes","non-significant",NA
"363","Parnassia","non-significant",NA
"364","Patzkea_paniculata","winner",NA
"365","Pedicularis_davidii","non-significant",NA
"366","Pedicularis_kansuensis","non-significant",NA
"367","Pedicularis_sima","non-significant",NA
"368","Pedicularis_verticillata","non-significant",NA
"369","Perideridia_montana","non-significant",NA
"370","Persicaria_vivipara","non-significant",NA
"371","Phleum_alpinum","non-significant",NA
"372","Phleum_pratense","non-significant",NA
"373","Phyteuma","non-significant",NA
"374","Phyteuma_betonicifolium","non-significant",NA
"375","Phyteuma_hemisphaericum","non-significant",NA
"376","Phyteuma_orbiculare","non-significant",NA
"377","Pilosella","non-significant",NA
"378","Pilosella_lactucella","non-significant",NA
"379","Pilosella_officinarum","non-significant",NA
"380","Pilosella_piloselloides","non-significant",NA
"381","Pimpinella_major","non-significant",NA
"382","Pimpinella_saxifraga","non-significant",NA
"383","Pinus","non-significant",NA
"384","Plantago_alpina","non-significant",NA
"385","Plantago_asiatica","non-significant",NA
"386","Plantago_atrata","non-significant",NA
"387","Plantago_lanceolata","non-significant",NA
"388","Plantago_major","non-significant",NA
"389","Plantago_media","non-significant",NA
"390","Poa","non-significant",NA
"391","Poa_alberti","non-significant",NA
"392","Poa_alpigena","non-significant",NA
"393","Poa_alpina","non-significant",NA
"394","Poa_annua","non-significant",NA
"395","Poa_chaixii","non-significant",NA
"396","Poa_pratensis","non-significant",NA
"397","Poa_supina","winner",NA
"398","Poa_trivialis","non-significant",NA
"399","Poaceae","non-significant",NA
"400","Polygala","non-significant",NA
"401","Polygala_alpestris","non-significant",NA
"402","Polygaloides_chamaebuxus","non-significant",NA
"403","Polygonatum_cirrhifolium","non-significant",NA
"404","Polygonum_aviculare","non-significant",NA
"405","Polygonum_cyanandrum","non-significant",NA
"406","Polygonum_douglasii","non-significant",NA
"407","Polygonum_macrophyllum","non-significant",NA
"408","Polygonum_runcinatum","non-significant",NA
"409","Polygonum_sibiricum","non-significant",NA
"410","Potentilla","loser",NA
"411","Potentilla_anserina","non-significant",NA
"412","Potentilla_aurea","winner",NA
"413","Potentilla_brauneana","non-significant",NA
"414","Potentilla_crantzii","non-significant",NA
"415","Potentilla_erecta","non-significant",NA
"416","Potentilla_gracilis","non-significant",NA
"417","Potentilla_grandiflora","non-significant",NA
"418","Potentilla_leuconota","loser",NA
"419","Potentilla_multifida","non-significant",NA
"420","Potentilla_nivea","winner",NA
"421","Potentilla_stenophylla","winner",NA
"422","Primula","non-significant",NA
"423","Primula_deflexa","non-significant",NA
"424","Primula_elatior","non-significant",NA
"425","Primula_farinosa","non-significant",NA
"426","Primula_integrifolia","winner",NA
"427","Primula_tangutica","non-significant",NA
"428","Primula_veris","winner",NA
"429","Prunella","non-significant",NA
"430","Prunella_vulgaris","non-significant",NA
"431","Ptilagrostis_dichotoma","non-significant",NA
"432","Pulsatilla_alpina","non-significant",NA
"433","Pulsatilla_vernalis","non-significant",NA
"434","Pyrola_minor","non-significant",NA
"435","Pyrola_rotundifolia","non-significant",NA
"436","Ranunculus","non-significant",NA
"437","Ranunculus_aconitifolius","non-significant",NA
"438","Ranunculus_acriformis","non-significant",NA
"439","Ranunculus_acris","non-significant",NA
"440","Ranunculus_alpestris","non-significant",NA
"441","Ranunculus_brotherusii","non-significant",NA
"442","Ranunculus_bulbosus","non-significant",NA
"443","Ranunculus_japonicus","non-significant",NA
"444","Ranunculus_kuepferi","loser",NA
"445","Ranunculus_montanus","winner",NA
"446","Ranunculus_repens","non-significant",NA
"447","Rheum_pumilum","non-significant",NA
"448","Rhinanthus_glacialis","winner",NA
"449","Rhinanthus_major","non-significant",NA
"450","Rhinanthus_minor","non-significant",NA
"451","Rhodiola_fastigiata","non-significant",NA
"452","Rhodiola_yunnanensis","non-significant",NA
"453","Rhododendron_websterianum","non-significant",NA
"454","Rosa_woodsii","non-significant",NA
"455","Rostraria_cristata","non-significant",NA
"456","Rubus_parviflorus","non-significant",NA
"457","Rumex_acetosa","winner",NA
"458","Rumex_alpestris","non-significant",NA
"459","Rumex_arifolius","non-significant",NA
"460","Rumex_nepalensis","non-significant",NA
"461","Rumex_sanguineus","non-significant",NA
"462","Sagina","non-significant",NA
"463","Sagina_glabra","non-significant",NA
"464","Sagina_japonica","non-significant",NA
"465","Sagina_saginoides","non-significant",NA
"466","Salix_herbacea","winner",NA
"467","Salix_lindleyana","non-significant",NA
"468","Salix_reticulata","non-significant",NA
"469","Salix_retusa","non-significant",NA
"470","Salix_serpyllifolia","non-significant",NA
"471","Salvia_pratensis","non-significant",NA
"472","Sanguisorba_minor","non-significant",NA
"473","Saussurea_ceterach","winner",NA
"474","Saussurea_globosa","non-significant",NA
"475","Saussurea_graminea","non-significant",NA
"476","Saussurea_katochaete","non-significant",NA
"477","Saussurea_nigrescens","non-significant",NA
"478","Saussurea_pachyneura","non-significant",NA
"479","Saussurea_pulchra","non-significant",NA
"480","Saussurea_stella","non-significant",NA
"481","Saussurea_superba","non-significant",NA
"482","Saxifraga_paniculata","non-significant",NA
"483","Scabiosa_lucida","non-significant",NA
"484","Scolochloa_festucacea","non-significant",NA
"485","Scorzoneroides_autumnalis","non-significant",NA
"486","Scorzoneroides_helvetica","non-significant",NA
"487","Scorzoneroides_pyrenaica","winner",NA
"488","Selaginella_selaginoides","winner",NA
"489","Senecio_crassulus","non-significant",NA
"490","Senecio_doronicum","non-significant",NA
"491","Senecio_vulgaris","non-significant",NA
"492","Sesleria_caerulea","non-significant",NA
"493","Sibbaldia_pentaphylla","non-significant",NA
"494","Sibbaldia_procumbens","non-significant",NA
"495","Sibbaldianthe_bifurca","loser","lag"
"496","Silene_acaulis","non-significant",NA
"497","Silene_dioica","winner","doing better than locals"
"498","Silene_latifolia","non-significant",NA
"499","Silene_nutans","non-significant",NA
"500","Silene_vulgaris","non-significant",NA
"501","Soldanella_alpina","non-significant",NA
"502","Solidago_multiradiata","non-significant",NA
"503","Solidago_virgaurea","non-significant",NA
"504","Sonchus_asper","non-significant",NA
"505","Soroseris_hookeriana","non-significant",NA
"506","Spiraea_betulifolia","non-significant",NA
"507","Stachys_alpina","non-significant",NA
"508","Stellaria","non-significant",NA
"509","Stellaria_longifolia","non-significant",NA
"510","Stellaria_nemorum","non-significant",NA
"511","Stipa_aliena","non-significant",NA
"512","Stipa_capillacea","non-significant",NA
"513","Stipa_capillata","non-significant",NA
"514","Swertia_macrosperma","non-significant",NA
"515","Symphoricarpos_albus","non-significant",NA
"516","Symphyotrichum_ascendens","non-significant",NA
"517","Symphyotrichum_campestre","non-significant",NA
"518","Tanacetum_tatsienense","winner",NA
"519","Taraxacum","non-significant",NA
"520","Taraxacum_mongolicum","non-significant",NA
"521","Taraxacum_officinale","non-significant",NA
"522","Thalictrum_alpinum","non-significant",NA
"523","Thalictrum_aquilegiifolium","non-significant",NA
"524","Thesium_alpinum","non-significant",NA
"525","Thlaspi_arvense","non-significant",NA
"526","Thymus","non-significant",NA
"527","Thymus_praecox","non-significant",NA
"528","Thymus_pulegioides","non-significant",NA
"529","Thymus_serpyllum","non-significant",NA
"530","Tibetia_himalaica","non-significant",NA
"531","Tragopogon_dubius","non-significant",NA
"532","Tragopogon_orientalis","non-significant",NA
"533","Tragopogon_pratensis","non-significant",NA
"534","Trichophorum_distigmaticum","non-significant",NA
"535","Trifolium","non-significant",NA
"536","Trifolium_alpestre","non-significant",NA
"537","Trifolium_alpinum","winner",NA
"538","Trifolium_badium","winner",NA
"539","Trifolium_campestre","non-significant",NA
"540","Trifolium_dubium","non-significant",NA
"541","Trifolium_hybridum","non-significant",NA
"542","Trifolium_montanum","non-significant",NA
"543","Trifolium_pratense","winner","doing better than locals"
"544","Trifolium_repens","non-significant",NA
"545","Trifolium_thalii","non-significant",NA
"546","Trisetum_flavescens","non-significant",NA
"547","Trollius_europaeus","non-significant",NA
"548","Trollius_farreri","non-significant",NA
"549","Vaccinium_globulare","winner",NA
"550","Vaccinium_membranaceum","non-significant",NA
"551","Vaccinium_myrtillus","non-significant",NA
"552","Vaccinium_scoparium","non-significant",NA
"553","Vaccinium_uliginosum","non-significant",NA
"554","Vaccinium_vitis.idaea","non-significant",NA
"555","Veronica_allionii","non-significant",NA
"556","Veronica_aphylla","non-significant",NA
"557","Veronica_arvensis","non-significant",NA
"558","Veronica_chamaedrys","winner",NA
"559","Veronica_ciliata","non-significant",NA
"560","Veronica_filiformis","non-significant",NA
"561","Veronica_fruticans","non-significant",NA
"562","Veronica_hederifolia","non-significant",NA
"563","Veronica_officinalis","non-significant",NA
"564","Veronica_serpyllifolia","non-significant",NA
"565","Veronica_szechuanica","non-significant",NA
"566","Vicia_cracca","non-significant",NA
"567","Vicia_hirsuta","non-significant",NA
"568","Vicia_sepium","non-significant",NA
"569","Vicia_setifolia","non-significant",NA
"570","Viola","non-significant",NA
"571","Viola_adunca","non-significant",NA
"572","Viola_biflora","non-significant",NA
"573","Viola_calcarata","non-significant",NA
"574","Viola_hirta","non-significant",NA
"575","Viola_szetschwanensis","non-significant",NA
"576","Viola_tricolor","non-significant",NA
"577","Youngia_racemifera","non-significant",NA
"578","Youngia_simulatrix","non-significant",NA
